smiles,vp
CC(O)C(=O)O,-1.0899
Clc1ccc(C(c2ccc(Cl)cc2)C(Cl)(Cl)Cl)cc1,-6.7959
O=C(O)c1c(Cl)ccc(Cl)c1Cl,-3.2596
c1ccc2c(c1)cc1ccc3cccc4ccc2c1c34,-8.2604
COC(=O)[C@@H]1C2CCC(C[C@@H]1OC(=O)c1ccccc1)N2C,-6.718999999999999
O=C(O)c1cccc(Cl)c1Cl,-3.6421
O=C(Nc1ccc([N+](=O)[O-])cc1Cl)c1cc(Cl)ccc1O,-10.8268
O=C(O)c1cc(Cl)cc(Cl)c1Cl,-3.5072
CC(=O)Oc1ccccc1C(=O)O,-4.5986
O=[N+]([O-])c1ccc(O)c([N+](=O)[O-])c1,-3.4089
CN(CCCl)CCCl,-0.7696
CCOC(N)=O,-0.5815
O=[N+]([O-])C(Br)(CO)CO,-4.8996
COP(=O)(OC)C(O)C(Cl)(Cl)Cl,-5.1079
Clc1ccc(C(c2ccccc2Cl)C(Cl)Cl)cc1,-5.7122
c1ccc2c(c1)ccc1cc3c(ccc4ccccc43)cc12,-9.02
CN1CCC[C@H]1c1cccnc1,-1.4202
CCN(CC)N=O,-0.0655
COP(=S)(OC)Oc1ccc(SC)c(C)c1,-4.9788
O=[N+]([O-])OCC(CO[N+](=O)[O-])O[N+](=O)[O-],-3.3979
CC(C)OP(=O)(F)OC(C)C,-0.2373
ClC(Cl)(Cl)Cl,2.0607
CCOP(=S)(OCC)Oc1ccc([N+](=O)[O-])cc1,-5.1752
Cc1ccc2cc3c(ccc4ccccc43)c3c2c1CC3,-7.3665
c1ccc2cc3c(ccc4ccccc43)cc2c1,-6.6778
CCOP(=S)(OCC)Oc1ccc2c(C)c(Cl)c(=O)oc2c1,-7.0132
OCC(O)CO,-3.7747
N[C@@H](CCC(=O)O)C(=O)O,-7.7696
NCCCC[C@H](N)C(=O)O,-8.277000000000001
C=CCN=C=S,0.568
CCCCCCCCCCCCCCCC(=O)O,-6.4202
CCCCCCCCCCCCCCCCCC(=O)O,-6.1414
NC(N)=O,-4.9208
CN(C)N,2.2122
CC(O)CO,-0.8894
ClC1=C(Cl)C2(Cl)C3C(Cl)C(Cl)CC3C1(Cl)C2(Cl)Cl,-4.6885
O=C[C@H](O)[C@H](O)[C@H](O)CO,-9.7055
Oc1c(Cl)cc(Cl)c(Cl)c1Cl,-3.1765
Cc1cc(O)ccc1Cl,-1.301
OCC(S)CS,-2.301
O=C(O)CN(CCN(CC(=O)O)CC(=O)O)CC(=O)O,-11.8239
Nc1ccc(/N=N/c2ccccc2)cc1,-5.8539
CN(C)c1ccc(N=Nc2ccccc2)cc1,-7.1549
OCCc1ccccc1,-1.0615
OCCS,0.2445
CCOCC,2.7308
CCCCC/C=C\C/C=C\CCCCCCCC(=O)O,-6.0615
CNN,1.699
CC(N)=O,-1.3979
CNC(=O)CSP(=S)(OC)OC,-4.727
ClC1=C(Cl)[C@]2(Cl)[C@@H]3[C@@H]4C[C@H]([C@@H]3[C@@]1(Cl)C2(Cl)Cl)[C@H]1O[C@@H]41,-5.3764
Nc1nc[nH]n1,-6.3565
CCOc1ccc(NC(C)=O)cc1,-6.1599
CCOS(C)(=O)=O,-0.6861
Nc1ccccc1,-0.3098
NC(N)=S,-2.5528
COP(=O)(OC)OC=C(Cl)Cl,-1.8027
CN(C)N=O,0.4314
CNC(=O)Oc1cccc2ccccc12,-5.8665
COC(=O)C1=CCCN(C)C1,-1.1018
CCO,1.7728
O=CO,1.6293
CC(=O)O,1.1967
CCOS(=O)(=O)OCC,-0.6737
O=C(O)c1ccccc1,-3.1549
O=c1cc[nH]c(=O)[nH]1,-4.3307
CCCCCC=O,1.0515
O=C1CC(=O)NC(=O)N1,-7.8239
CO,2.1038
CON,2.464
CC(C)O,1.6572
CC(C)=O,2.3646
ClC(Cl)Cl,2.2945
CS(C)=O,-0.2147
ClC(Cl)(Cl)C(Cl)(Cl)Cl,-0.6778
O=C(O)CS,-1.0615
CN(C)C=O,0.5877
O=C(O)c1ccccc1O,-4.0862
CCCO,1.3219999999999998
CCCCO,0.8261
CCCCCO,0.3424
c1ccccc1,1.9768
CC(Cl)(Cl)Cl,2.0934
O=C1c2ccccc2C(=O)c2c1ccc(O)c2O,-9.0577
Clc1ccc(C(c2ccc(Cl)cc2)C(Cl)Cl)cc1,-5.8697
ClC(Cl)=C(c1ccc(Cl)cc1)c1ccc(Cl)cc1,-5.2218
Nc1ncnc2[nH]cnc12,-10.3507
c1ccc(Nc2ccc(Nc3ccccc3)cc2)cc1,-8.1971
C,5.6682
CBr,3.2084
CC,4.4986
C=C,4.7171
C#C,4.5623
CCl,3.6335
CI,2.6075
CN,3.4232
C#N,2.8703
CS,3.1787
BrCBr,1.6474
CCBr,2.6693
ClCBr,2.1538
CCC,3.8544
C#CC,3.6341
CCCl,3.0035
C=CCl,3.4736
C=CF,4.2967
CCI,2.1327
CCN,3.0204
CC#N,1.9484
CC=O,2.9552
CCS,2.7237
ClCCl,2.6385
FCF,4.1017
ICI,0.0792
NC=O,-1.2147
S=C=S,2.5551
CSC,2.701
C1CC1,3.7335
C1CO1,3.1186
BrC(Br)Br,0.7324
CC(C)Br,2.3354
CC(C)C,3.4168
CC(C)Cl,2.7118
CC(C)I,1.6343
CC(C)N,2.7631
CC(C)S,2.4422
CC(Cl)Cl,2.3566
C=C(Cl)Cl,2.7782
CC(=O)Cl,2.4579
CC(F)F,3.658
C=C(F)F,4.4771
FC(Cl)Cl,3.1342
O=C(Cl)Cl,3.1517
FC(F)Cl,3.8605
FC(F)F,4.5478
CN(C)C,3.2060000000000004
C[N+](=O)[O-],1.5544
C[SiH](Cl)Cl,2.6328
CC1CN1,2.1461
CC1CO1,2.7308
FC(F)(Br)Br,2.9138
ClC(Cl)(Cl)Br,1.5911
FC(F)(F)Br,4.0864
CC(C)(C)N,2.5705
CC(C)(C)O,1.6096
CC(C)(C)S,2.2577
CC(F)(F)Cl,3.4055
FC(Cl)(Cl)Cl,2.9046
FC(F)(Cl)Cl,3.6856
FC(F)(F)Cl,4.3306
FC(F)(F)F,5.242999999999999
CS(=O)(=O)O,-3.3686
C[Si](C)(C)C,2.8560000000000003
C[Si](C)(C)Cl,2.3686
C[Si](C)(Cl)Cl,2.1593
C[Si](Cl)(Cl)Cl,2.2227
ClC(Cl)(Br)CBr,-0.0458
CCC(C)(C)C,2.5042
CC(C)(C)CO,1.2041
CCC(C)(C)O,1.2227
CC(C)(O)C#N,-0.4672
O=CC(Cl)(Cl)Cl,1.699
OCC(F)(F)F,1.8529
CC(C)(C)OO,0.7376
C=C[Si](Cl)(Cl)Cl,1.8186
CC(=O)C(C)(C)C,1.4983
CC(C)(C)C(=O)O,-0.301
CC(Cl)(Cl)C(=O)O,-0.821
ClC(Cl)C(Cl)(Cl)Cl,0.5441
O=C(Cl)C(Cl)(Cl)Cl,1.3288
O=C(O)C(Cl)(Cl)Cl,-1.2218
O=C(O)C(F)(F)F,2.0414
O=[N+]([O-])C(Cl)(Cl)Cl,1.3766
FC(F)(Cl)C(Cl)(Cl)Cl,1.7782
FC(Cl)(Cl)C(F)(Cl)Cl,1.7033
FC(F)(Cl)C(F)(Cl)Cl,2.5593
FC(F)(Cl)C(F)(F)Cl,3.3041
FC(F)(F)C(F)(F)Cl,3.8363
FC(F)(F)C(F)(F)F,4.3992
FC(F)(F)C(F)(F)C(F)(F)F,3.8216
CC12CCC(CC1=O)C2(C)C,-0.6649
OCC(F)(F)C(F)F,1.1684
ClC1=C(Cl)C2(Cl)C3C(Cl)C=CC3C1(Cl)C2(Cl)Cl,-3.3979
CC(=O)O[C@@H]1CC2CCC1(C)C2(C)C,-0.6421
ClC1=C(Cl)C(Cl)(Cl)C(Cl)=C1Cl,-1.2218
C1=CC2C3C=CC(C3)C2C1,0.3606
CCC(C)(O)CC,0.7451
C#CC(C)(O)CC,0.7202
COC(C)(C)OC,2.0079
COS(=O)(=O)OC,-0.1694
CCOP(=O)(C#N)N(C)C,-1.1549
O=C(O)CC(O)(CC(=O)O)C(=O)O,-7.7799
CCOC(=O)CC(O)(CC(=O)OCC)C(=O)OCC,-3.1630000000000003
C=C[Si](OCC)(OCC)OCC,0.3585
CCO[Si](OCC)(OCC)OCC,0.2749
O=[N+]([O-])OCC(CO[N+](=O)[O-])(CO[N+](=O)[O-])CO[N+](=O)[O-],-8.2636
CCC(C)(CC)OC(N)=O,-0.1549
CCOP(=O)(CC)OCC,-1.1403
CCOP(=O)(OCC)OCC,-0.4056
CCCCC(CC)COP(=O)(OCC(CC)CCCC)OCC(CC)CCCC,-7.0835
CCCCSP(=O)(SCCCC)SCCCC,-5.2757
COP(=S)(OC)SCc1nc(N)nc(N)n1,-6.011
CC1=CC(=O)CC(C)(C)C1,-0.3585
CCO[Si](C)(C)OCC,1.301
CC(C)(C#N)/N=N/C(C)(C)C#N,-2.1739
C=CC(C)(O)CCC=C(C)C,-0.7959
CC(Br)CBr,0.8944
CCC(C)Br,1.7559
CCC(C)C,2.8382
C=CC(=C)C,2.7404
CC(C)CN,2.1399
CC(C)C#N,1.5145
CC(C)CO,1.0191
CC(C)C=O,2.238
C=C(C)C=O,2.1903
CCC(C)Cl,2.1949
CC(Cl)CCl,1.7267
C=C(Cl)CCl,1.7864
CC(Cl)CO,0.7202
CC(N)CN,1.0256
CCC(C)O,1.2632
CCC(C)=O,1.9571
CC(=O)CCl,1.0792
CC(O)CN,-0.3279
CC(O)C#N,-0.9248
CCC(Cl)Cl,1.8344
ClCC(Cl)Cl,1.3617
ClC=C(Cl)Cl,1.8388
O=CC(Cl)Cl,1.7435
O=C(Cl)CCl,1.4014
CCC(N)=O,-1.4225
C=CC(N)=O,-2.1549
O=C(O)CBr,-0.9263
CCC(=O)O,0.5478
C=CC(=O)O,0.5988
O=C(O)CCl,-1.1871
O=C(O)CO,-1.699
CNC(C)=O,-0.3565
COC(C)=O,2.3349
CC(=O)OO,1.1602
CC[N+](=O)[O-],1.3189
BrC(Br)C(Br)Br,-1.699
CC(C)C(C)C,2.3711
CC(C)C(=O)O,0.2577
ClC(Cl)C(Cl)Cl,0.6646
O=C(Cl)C(Cl)Cl,1.3621
FC(F)=C(F)Cl,3.662
C=C(C)C(N)=O,-1.0711
NC(=S)C(N)=S,-5.7844
C=C(C)C(=O)O,-0.0044
O=C(O)C(Cl)Cl,-0.7479
CN(C)C(=O)Cl,0.29
CC(C)[N+](=O)[O-],1.2358
O=C(C(F)(F)F)C(F)(F)Cl,3.1538
C=C1C2CCC(C2)C1(C)C,0.3988
CC(C)(OO)c1ccccc1,-2.4855
CCC(C)(C)c1ccc(O)cc1,-2.699
CC1=CCC2CC1C2(C)C,0.6767
C/C=C(\C)C(=O)O,-0.8748
C=C(C)C(=O)OC,1.5855
O=C1c2ccccc2C(=O)c2c(O)ccc(O)c21,-7.6142
CC(=O)CC(c1ccccc1)c1c(O)c2ccccc2oc1=O,-6.9355
O=C1c2ccccc2C(=O)c2c1cccc2[N+](=O)[O-],-8.3979
COc1cccc2c1C(=O)c1ccccc1C2=O,-6.5591
Nc1cccc2c1C(=O)c1ccccc1C2=O,-8.301
O=C1c2ccccc2C(=O)C1C(=O)C(c1ccccc1)c1ccccc1,-9.9872
O=[N+]([O-])c1c(Cl)c(Cl)c(Cl)c(Cl)c1Cl,-4.301
c1cc2c3c(cccc3c1)CC2,-2.6676
Cc1c[nH]c2ccccc12,-2.2561
Cc1cccc([N+](=O)[O-])c1C,-0.4449
c1ccc(-c2ccccc2-c2ccccc2)cc1,-3.6021
O=C(OC1CCCCC1)c1ccccc1C(=O)OC1CCCCC1,-6.061
CCCCOC(=O)c1ccccc1C(=O)OC1CCCCC1,-5.3215
O=C1c2ccccc2C(=O)c2ccccc21,-6.9355
CCOC(=O)c1ccccc1C(=O)OCC,-2.6778
CCCCOC(=O)c1ccccc1C(=O)OCCCC,-4.6968
CCCCCCOC(=O)c1ccccc1C(=O)OCCCCCC,-4.8539
c1ccc2c(c1)ccc1ccccc12,-3.9172
c1ccc2c(c1)ccc1ncccc12,-4.2518
O=C1OC(=O)c2ccccc21,-3.2865
CCCCOC(=O)c1ccccc1C(=O)OCc1ccccc1,-5.0835
CCn1c2ccccc2c2ccccc21,-3.657
COP(=S)(OC)SCn1nnc2ccccc2c1=O,-5.7959
O=[N+]([O-])c1cccc2ccccc12,-3.3188
c1ccc2c(c1)Cc1ccccc1-2,-3.2218
c1ccc2c(c1)[nH]c1ccccc12,-6.1249
O=C1OCc2ccccc21,-2.699
Cc1cccc(N)c1C,-1.1249
Clc1cccc(Cl)c1Cl,-0.6778
Cc1cccc(C)c1N,-0.8861
Oc1c(Cl)cccc1Cl,-1.4815
Oc1cccc(O)c1O,-3.3197
ClC(Cl)=C(Cl)C(Cl)=C(Cl)Cl,-0.6576
Cc1c(C)c(C)c(C)c(C)c1C,-3.0655
Oc1c(Cl)c(Cl)c(Cl)c(Cl)c1Cl,-3.9586
Oc1c(Cl)cc(Cl)cc1Cl,-2.0969
CCC(CC)C(=O)O,-0.7258
FC(F)(F)c1ccccc1Cl,0.7061
CC(C)(C)c1ccccc1O,-1.0458
CC(C)c1ccccc1O,-1.0048
Cc1ccccc1[N+](=O)[O-],-0.7255
O=[N+]([O-])c1ccccc1Cl,-1.7399
Nc1ccccc1[N+](=O)[O-],-2.5575
O=[N+]([O-])c1ccccc1O,-0.9469
O=[N+]([O-])c1cc([N+](=O)[O-])c(O)c([N+](=O)[O-])c1,-6.1249
O=C(Cl)c1ccccc1C(=O)Cl,-1.7897
O=C(O)c1ccccc1C(=O)O,-6.1963
CC1CCC(C(C)C)C(O)C1,-1.07645
CC(C)=C1CC[C@@H](C)CC1=O,-0.9101
Cc1ccc(C(C)C)c(O)c1,-2.6576
Cc1ccc([N+](=O)[O-])c(C)c1,-1.242
O=Cc1ccccc1Cl,-0.6383
CCc1ccccc1O,-0.8153
O=Cc1ccccc1O,-0.2269
COc1ccccc1N,-1.0969
COc1ccccc1O,-0.9872
Brc1cccc2ccccc12,-2.0119
Cc1cccc2ccccc12,-1.1739
Clc1cccc2ccccc12,-1.5376
Oc1cccc2ccccc12,-3.5622
Oc1ccccc1-c1ccccc1,-2.699
OC(c1ccccc1)c1ccccc1,-4.5638
Cc1c(N=C=O)cccc1N=C=O,-1.6799
COc1ccccc1OC,-0.3279
C1CCC2CCCCC2C1,0.1145
c1ccc2ccccc2c1,-1.0706
c1ccc2ncccc2c1,-1.2218
COc1ccccc1[N+](=O)[O-],-2.4437
COc1ccc(C(=O)O)c(OC)c1,-2.4538
Cc1ccc2ccccc2c1,-1.2596
Clc1ccc2ccccc2c1,-1.9136
Nc1ccc2ccccc2c1,-3.5918
Cc1ccc2ncccc2c1,-2.1931
Cc1ccc2ccccc2n1,-2.0241
O=c1ccc2ccccc2o1,-3.0088
CCN(CC)c1ccccc1,-0.8655
c1ccc(-c2cccc(-c3ccccc3)c2)cc1,-4.757
c1ccc2cc3cc4ccccc4cc3cc2c1,-8.6038
C1CCC(C2CCCCC2)CC1,-0.9666
c1ccc(-c2ccccc2)cc1,-2.0491
c1ccc(N2CCNCC2)cc1,-2.2639
Brc1ccc(-c2ccccc2)cc1,-2.6289
c1ccc(-c2ccc(-c3ccccc3)cc2)cc1,-7.0
COc1ccc(C(=O)O)cc1OC,-3.6082
CC(=O)c1ccc2ccccc2c1,-3.2142
O=C(O)c1ccc2ccccc2c1,-5.1782
C=CCc1ccc(OC)c(OC)c1,-1.9208
C=CCc1ccc(OC(C)=O)c(OC)c1,-2.4961
BrCC(Br)c1ccccc1,-1.9747
CC(C=O)c1ccccc1,-0.5686
CCC(=O)c1ccccc1,-0.7696
COC(=O)c1ccccc1,-0.4202
C=CCN(CC=C)C(=O)CCl,-2.0269
O=C(O)COc1cc(Cl)c(Cl)cc1Cl,-4.426
CCCCOC(=O)COc1cc(Cl)c(Cl)cc1Cl,-4.8239
CCOC(=O)c1ccccc1,-0.5735
O=C(OC(=O)c1ccccc1)c1ccccc1,-3.9292
O=C(Oc1ccccc1)c1ccccc1,-2.7696
CCOC(=O)CC(=O)c1ccccc1,-3.3893
CC(C)OC(=O)COc1ccc(Cl)cc1Cl,-3.6345
CC(C)CCOC(=O)c1ccccc1,-0.8481
Cc1cc(Cl)ccc1OCC(=O)O,-5.2291
O=C(O)COc1ccc(Cl)cc1Cl,-4.0835
CCCCOC(=O)COc1ccc(Cl)cc1Cl,-4.2104
Cc1cc(Cl)ccc1OCCCC(=O)O,-6.3635
CCCC(O)C(CC)CO,-2.5229
ClCc1ccc(Cl)cc1Cl,-1.4856
C=C(Cl)CSC(=S)N(CC)CC,-2.6576
C1=Cc2ccccc2C1,0.0414
c1ccc2sccc2c1,-0.6238
CC(C)(C)NSc1nc2ccccc2s1,-6.3382
Cc1ccccc1Br,0.0186
Cc1ccccc1C,0.8202
Cc1ccccc1O,-0.5243
Cc1ccccc1Cl,0.5353
Clc1ccccc1Cl,0.1335
Nc1ccccc1Cl,-0.6904
Cc1ccccc1F,1.3869
Cc1ccccc1N,-0.585
Nc1ccccc1N,-2.6861
Oc1ccccc1Cl,0.4031
Cc1ccc(C)c(C)c1,0.3222
Cc1ccc(N)cc1C,-1.5544
Cc1ccc(O)cc1C,-1.4486
Cc1ccc(N)c(C)c1,-0.8758
Cc1ccc(Cl)cc1Cl,-0.3391
Cc1ccc(Cl)c(Cl)c1,-0.5017
Nc1ccc(Cl)c(Cl)c1,-2.1993
Cc1ccc(C)c(N)c1,-0.8239
Cc1ccc(N)cc1N,-3.7696
Cc1ccc(C)c(O)c1,-0.8069
CCOC(=O)C(=O)OCC,-0.38299999999999995
Cc1cc(C)c(C)cc1C,-0.2771
Clc1cc(Cl)c(Cl)cc1Cl,-2.2676
Oc1cc(Cl)c(Cl)cc1Cl,-2.1249
C=CCOC(=O)C(=C)C,0.7612
c1ccc(C2CO2)cc1,-0.5229
ClCC(Br)CBr,-0.2366
OCC(Br)CBr,-1.0372
CCC(C)CC,2.2788
ClCC(Cl)CCl,0.5670000000000001
ClC=C(Cl)CCl,0.6435
CCC(=O)CC,1.5764
OC(CCl)CCl,-0.1249
OCC(O)CCl,-0.6990000000000001
C=CC(=O)OC,1.9373
COC(=O)CCl,0.8825
CC1CCCC1,2.1383
OC1CCCC1,0.3962
Clc1cccs1,1.3759
CC1CCCO1,1.9883
O=C1CCCO1,-0.3468
O=C1OCCO1,-2.0088
Cn1cccc1,1.3313
CC(OP(C)(=O)F)C(C)(C)C,-0.3979
CCc1ccc(O)c(C(C)(C)C)c1,-1.7447
CC(C)(C)c1ccc(O)c(C(C)(C)C)c1,-2.3215
CC(C)N(CCO)C(C)C,-1.0969
O=[N+]([O-])c1ccc(Cl)c([N+](=O)[O-])c1,-4.0711
Oc1ccc(Cl)cc1Cc1cc(Cl)ccc1O,-10.011000000000001
C=CCc1ccc(O)c(OC)c1,-1.6455
CC=Cc1ccc(O)c(OC)c1,-1.9223
CCOC(=O)C(C)C,1.4048
C=C(C)C(=O)OCC,1.3137
CCOC(=O)C(C)O,0.574
CC(C)COC(=O)C(C)C,0.6365
C=C(C)C(=O)OCC(C)C,0.5599
C=C(C)C(=O)OCCCC,0.3263
CCC(CC)CO,0.1847
OCC1CCCO1,-0.0964
OCc1ccco1,-0.2154
O=Cc1ccco1,0.3444
CC(C)(C)c1ccccc1,0.3433
ClC(Cl)(Cl)c1ccccc1,-0.3833
FC(F)(F)c1ccccc1,1.5892
O=S(=O)(Cl)c1ccccc1,-1.2366
Cl[Si](Cl)(Cl)c1ccccc1,-0.3706
Cc1cc(C(C)(C)C)ccc1O,-1.5496
O=[N+]([O-])c1cccc(C(F)(F)F)c1,-0.5867
CC(C)(C)C1CCC(O)CC1,-1.1549
CC(C)(C)c1ccc(O)cc1,-1.4194
CC1=CCC(C(C)(C)O)CC1,-1.3737
FC(F)(F)c1ccc(Cl)cc1,0.8825
CC(C)c1ccccc1,0.6532
C=C(C)c1ccccc1,0.2788
CC(=O)c1ccccc1,-0.4012
ClC(Cl)c1ccccc1,-0.3279
O=C(Cl)c1ccccc1,-0.1549
O=[N+]([O-])c1ccccc1,-0.6108
Cc1cccc(C(=O)O)c1,-3.6264
Cc1cccc([N+](=O)[O-])c1,-0.6874
Nc1cccc([N+](=O)[O-])c1,-4.0195
Nc1c(Cl)cc([N+](=O)[O-])cc1Cl,-5.9208
O=[N+]([O-])c1cc([N+](=O)[O-])cc([N+](=O)[O-])c1,-5.191
O=C(CCl)c1cccc([N+](=O)[O-])c1,-5.0605
Cc1ccc([N+](=O)[O-])cc1C,-2.4449
O=[N+]([O-])c1ccc(Cl)c(Cl)c1,-1.9873
O=Cc1cccc([N+](=O)[O-])c1,-2.1398
CC(C)c1cccc(C(C)C)c1,-0.4056
O=[N+]([O-])c1cccc([N+](=O)[O-])c1,-3.0458
CCC(C)c1ccc(O)cc1,-1.4297
CC1CCC(C(C)C)CC1,0.4297
CC1=CCC(C(C)C)C=C1,0.1471
CC1=CCC(C(C)C)=CC1,0.0362
Cc1ccc(C(C)C)cc1,0.1896
CC(C)c1ccc(N)cc1,-1.0785
CC(C)c1ccc(O)cc1,-1.3446
Cc1ccc(C(=O)O)cc1,-4.2943
O=C(O)c1ccc(O)cc1,-6.7167
Cc1ccc(N(C)C)cc1,-0.7501
Cc1ccc([N+](=O)[O-])cc1,-1.8041
O=[N+]([O-])c1ccc(Cl)cc1,-1.6596
Nc1ccc([N+](=O)[O-])cc1,-5.4949
O=[N+]([O-])c1ccc(O)cc1,-4.0092
COc1ccc(C(C)=O)cc1,-2.1911
CN(C)c1ccc(C=O)cc1,-2.4343
CC(C)c1ccc(C(C)C)cc1,-0.6091
O=C(O)c1ccc(C(=O)O)cc1,-5.0362
CN(C)c1ccc([N+](=O)[O-])cc1,-5.2168
CCN(CC)CCO,0.1461
BrCc1ccccc1,-0.3468
C=CC1CC=CCC1,1.1962
CCc1ccccc1,0.9823
C=Cc1ccccc1,0.8062
C=Cc1ccncc1,0.2304
ClCc1ccccc1,0.0899
NCc1ccccc1,-0.1851
N#Cc1ccccc1,-0.1146
OCc1ccccc1,-1.0269
O=Cc1ccccc1,0.1038
SCc1ccccc1,-0.384
N#Cc1cccnc1,-0.5287
CNc1ccccc1,-0.3439
NNc1ccccc1,-1.585
ON=C1CCCCC1,-1.5528
COc1ccccc1,0.5489999999999999
CSc1ccccc1,-0.3143
C=Cc1ccccn1,0.444
CCc1ccccn1,0.6889
CCN1CCOCC1,0.7016
C1CN2CCC1CC2,0.2819
CC1(C)OCC(CO)O1,2.0307
C=Cc1cccc(C)c1,0.2307
C1N2CN3CN1CN(C2)C3,-2.3979
Clc1nc(Cl)nc(Nc2ccccc2Cl)n1,-8.2076
CC(C)OC(=O)Nc1cccc(Cl)c1,-3.7447
O=C(Nc1cccc(Cl)c1)OCC#CCCl,-6.4202
CC(C=O)=Cc1ccccc1,-1.8239
CN(C)C(=O)Nc1ccccc1,-4.426
Nc1ccc(Nc2ccccc2)cc1,-4.9172
Brc1ccc(Oc2ccccc2)cc1,-2.8239
O=C=Nc1ccc(Cc2ccc(N=C=O)cc2)cc1,-5.301
c1ccc(Cc2ccccc2)cc1,-2.0857
C1CCC(NC2CCCCC2)CC1,-1.4711
c1ccc(Oc2ccccc2)cc1,-1.6478
CC(=O)CC(=O)Nc1ccccc1,-4.2798
O=C(Cc1ccccc1)Cc1ccccc1,-3.1316
O=C(Nc1ccccc1)Nc1ccccc1,-5.1232
O=C(Oc1ccccc1)Oc1ccccc1,-3.8239
CCCN(CCC)CCC,0.179
C=CCN(CC=C)CC=C,0.5611
OCCN(CCO)CCO,-5.4449
CC(=O)OCC(COC(C)=O)OC(C)=O,-2.6055
c1ccc2sc(SN3CCOCC3)nc2c1,-5.4763
CCCCN(CCCC)CCCC,-1.0297
CC(O)CNC1CCCCC1,-1.8019
CCCCC(CC)COC(C)=O,-0.6383
C=CC(=O)OCC(CC)CCCC,-0.7496
CCCCC(CC)COC(=O)CCCCC(=O)OCC(CC)CCCC,-6.0706
COC(=O)C=Cc1ccccc1,-1.4622
c1ccc(CCc2ccccc2)cc1,-2.138
C(=C/c1ccccc1)\c1ccccc1,-2.60935
c1ccc(N=Nc2ccccc2)cc1,-3.4425
CCOC(=O)C=Cc1ccccc1,-2.4855
O=C(C=Cc1ccccc1)OCc1ccccc1,-5.0
CC(=O)OCCc1ccccc1,-1.5031
c1ccc(CNCc2ccccc2)cc1,-3.1016
c1ccc(COCc2ccccc2)cc1,-2.9872
BrCCc1ccccc1,-0.6117
CCCc1ccccc1,0.534
CCNc1ccccc1,-0.6904
O=CNc1ccccc1,-2.4471
O=C=Nc1ccccc1,0.4099
CCOc1ccccc1,0.1847
O=C(Cl)Cc1ccccc1,-0.7018
O=C(O)Cc1ccccc1,-2.4202
CC(=O)Nc1ccccc1,-3.699
O=C=Nc1ccc(Cl)cc1,-0.7120000000000001
CCCCCCCCCc1ccc(O)cc1,-3.0875
CC=Cc1ccc(OC)cc1,-1.1533
CCCCc1ccccc1,0.027000000000000003
OCC=Cc1ccccc1,-1.6198
O=CC=Cc1ccccc1,-1.5390000000000001
CCCCCCCCCCc1ccccc1,-2.8928
CCCCC(CC)CN,0.1461
CCCCC(CC)CO,-0.8665
Cc1ccc(CCl)cc1,-0.5272
Cc1ccc(C#N)cc1,-0.5038
Cc1ccc(C=O)cc1,-0.6021
CC[C@H]1CC[C@H](C)NC1,0.4577
CCc1ccc(C)nc1,0.1553
COc1ccc(Br)cc1,-0.6919
COc1ccc(N)cc1,-1.5229
CCc1ccc(CC)cc1,0.0253
OCC1CCC(CO)CC1,-3.5114
CCCC(C)CO,0.2833
COC(=O)CC#N,-0.8601
CCOC(=O)CC,1.5545
CCOC(=O)CCl,0.6874
CCOC(=O)NC,-0.0435
COC(=O)CC(C)=O,-0.0496
CCC(C)OC(C)=O,1.2304
CC(C)OC(=O)CCl,0.6131
CCOC(=O)CC(=O)OCC,-0.5702
CCCC(=O)OCC,1.1072
CCOC(=O)CC#N,-1.4112
CCOC(C)OCC,1.4409
CCOC(=O)OCC,1.0334
CN(CCO)CCO,-3.6996
O=C1CCCCCN1,-2.7959
CCCOC(=O)CCC,0.7749
Cc1ccc(O)c(C)c1,-0.9914
CCCCOC(=O)/C=C\C(=O)OCCCC,-3.2055
CC(=O)OC/C=C(\C)CCC=C(C)C,-1.4815
CCCCC(CC)CNCC(CC)CCCC,-2.0
CC(C)=CCCC(C)CCO,-1.3559999999999999
CC(C)=CCC/C(C)=C/CO,-1.5228
CCCC(=O)OCCC(C)C,-0.0223
CCCCCCC(=O)OCC,-0.1675
CCCC(=O)OC(=O)CCC,-0.5482
CCCCC(=O)CC,0.415
CCCOC(=O)CC,1.1443
Brc1ccc(Br)cc1,-1.2403
Cc1ccc(Br)cc1,0.0607
Clc1ccc(Br)cc1,-0.5884
Oc1ccc(Br)cc1,-1.93
Cc1ccc(C)cc1,0.9465
Cc1ccc(Cl)cc1,0.4298
Cc1ccc(O)cc1,-0.9586
Cc1ccc(S)cc1,-0.1906
Clc1ccc(Cl)cc1,0.2405
Nc1ccc(Cl)cc1,-1.5686
Oc1ccc(Cl)cc1,-1.0506
Cc1ccc(N)cc1,-0.5433
O=C1C=CC(=O)C=C1,-1.0458
CC1CNC(C)CN1,0.4225
C=CC(=O)OCC(C)C,0.9069
COC(=O)CCC(=O)OC,-0.3872
CCC(CO)CC(C)C,-0.6253
CCCCCC(=O)CC,0.301
CCCCCC(=O)OC,0.5703
O=C(Cl)OCCOCCOC(=O)Cl,-2.8297
CCC1CO1,2.2553
ClCC1CO1,1.2159
BrCCBr,1.0492
CCCBr,2.0445
CCCC,3.2608
C=CCC,3.3522
C=CC=C,3.3237
C#CCC,3.1504
C=CC=O,2.4379
CCCS,2.1881
ClCCBr,1.5198
C=CCCl,2.5657
ClCCCl,1.8971
OCCCl,0.8561
CCCI,1.6344
CCCN,2.4914
C=CCN,2.3838
CCC#N,1.6757
C=CC#N,2.0354
N#CCCl,1.1761
NCCN,1.0792
C=CCO,1.4166
C#CCO,1.1931
O=CCCl,1.808
OCCO,-1.0362
O=CC=O,2.4065
C=COC,3.1193
COCCl,1.4771
COC=O,2.7677
C=CC[Si](Cl)(Cl)Cl,1.2464
C=C(C)CC(C)(C)C,1.6503
CC(C)=CC(C)(C)C,1.5551
CC(O)CC(C)(C)O,-1.8861
CC(C)OP(C)(=O)F,0.4564
C[Si](C)(C)O[Si](C)(C)C,1.6243
CCOP(=O)(OCC)OP(=O)(OCC)OCC,-3.585
C[Si]1(C)O[Si](C)(C)O[Si](C)(C)O[Si](C)(C)O[Si](C)(C)O[Si](C)(C)O[Si](C)(C)O1,-1.9527
C[Si](C)(C)O[Si](C)(C)O[Si](C)(C)C,0.5236
C[Si](C)(C)O[Si](C)(C)O[Si](C)(C)O[Si](C)(C)O[Si](C)(C)O[Si](C)(C)C,-1.5312
COC(C)(C)CC(C)=O,0.3424
CCCC(C)Br,1.3293
CC(C)CCBr,1.5393
CCCC(C)C,2.3243
CCCC(C)=O,1.5490000000000002
CC(O)CCO,-1.6968
CCCC(=O)O,0.2175
CC=CC(=O)O,-0.542
O=C(O)CCS,-1.3024
COCC(C)O,1.0969
CN(C)CCO,0.5024
CCC[N+](=O)[O-],1.0043
C=COC(C)=O,1.955
CC(C)CC(C)C,1.8998
CC(=O)CC(C)C,1.298
CC(C)CC(C)O,0.7243
CC(C)NC(C)C,1.8998
CC(C)OC(C)C,2.1732
CC(=O)OC(C)C,1.7808
CC(C)OC(=O)Cl,1.5682
CC(=O)OC(C)=O,0.7076
O=C1CCC(=O)O1,-2.8239
O=C1C=CC(=O)O1,-0.6021
CC1COC(=O)O1,-1.3468
Brc1cccc(Br)c1,-0.5709
Cc1cccc(C)c1,0.9186
Cc1cccc(O)c1,-0.9586
Cc1cccc(S)c1,-0.2573
Cc1cccc(Cl)c1,0.5653
Nc1cccc(Cl)c1,-1.1805
Oc1cccc(Cl)c1,-0.9024
Cc1cccc(N)c1,-0.5186
Nc1cccc(N)c1,-2.6799
Oc1cccc(O)c1,-3.3107
Cc1ccnc(C)c1,0.5004
Cc1cccc(C)n1,0.7522
O=C1CCCC(=O)O1,-2.5229
C=Cc1cccc(C=C)c1,-0.2373
COC(=O)CC(=O)OC,-0.0458
CC(CCl)OC(C)CCl,-0.2518
CCOC(=O)CC(C)C,0.9191
COCC(C)OC(C)=O,0.5934
Cc1cc(C)cc(C)c1,0.3945
Cc1cc(C)cc(O)c1,-1.3925
Clc1cc(Cl)cc(Cl)c1,-0.6198
Cc1cc(C)nc(C)c1,0.2981
Nc1nc(N)nc(N)n1,-9.4449
CC(C)CC(O)CC(C)C,-0.5186
CC(C)CC(=O)CC(C)C,0.2175
CC(=O)OC(C)CC(C)C,0.6021
Brc1ccccc1,0.6214
CC1CCCCC1,1.6628
Cc1ccccc1,1.4533
Cc1ccncc1,0.7612
Clc1ccccc1,1.0781
NC1CCCCC1,1.0043
OC1CCCCC1,-0.0969
O=C1CCCCC1,0.6365
Oc1ccccc1,-0.4559
Sc1ccccc1,0.2856
Cc1cccnc1,0.7818
Brc1ccccn1,-0.1135
C[C@@H]1CCCCN1,1.2857
Cc1ccccn1,1.0492
Cc1cnccn1,0.9061
Clc1ccccn1,0.3381
CCCCOC(=O)CCC,0.2577
CCCCOC(=O)CCCCCCCCC(=O)OCCCC,-5.3288
C=CCCC(C)=O,1.0212
CCCCC(=O)O,-0.7077
C=COCC(C)C,1.7745
CN(C)CCCN,1.0
CCCOC(C)=O,1.5551
CCCOC(=O)Cl,1.301
BrCCCBr,0.1335
CCCCBr,1.6229
CCCCC,2.7110000000000003
C=CCCC,2.8026
CCCCCl,2.0056
ClCCCBr,0.8062
CCCCN,1.9680000000000002
CCCC#N,1.29
C=CCC#N,1.2667
N#CCC#N,-0.6981
N#CCCO,-1.0958
CCCCS,1.6582
CNCCO,0.0346
COCCO,0.9777
COCOC,2.5993
CCNCC,2.3755
C=COCC,2.7084
C=COC=C,2.8261
CCOC=O,2.3885
c1cc[nH]c1,0.9222
C1CCOC1,2.2101
c1ccoc1,2.7782
C1CCSC1,1.2648
c1ccsc1,1.9013
CC(C)(C)OOC(C)(C)C,1.3997
CC(=O)CCC(C)C,0.7612
O=C(O)CCC(=O)O,-6.718999999999999
CC(=O)OCC(C)C,1.2511
CCCCCCCCCCCCCC(=O)OC(C)C,-4.0292
CCCCCCOC(=O)CCCCC(=O)OCCCCCC,-5.5406
CCOC(=O)CCCCCCCCC(=O)OCC,-3.2941
CCCCCCCCCC(=O)OC,-1.4318
CCCCCC(C)=O,0.586
CC(C)CCOC=O,1.1847
COCCOC(C)=O,0.301
BrCCCCBr,-0.2107
CCCCCBr,1.1004
CCCCCC,2.1798
ClCCCCCl,0.616
ClC/C=C/CCl,0.5737
CCCCCN,1.4778
CCCCC#N,0.8633
N#CCCC#N,-2.109
CCCCC=O,1.415
OCCCCO,-1.9788
OCC#CCO,-3.2549
CCCCCS,1.1399
COCCOC,1.6812
CCCOC=O,1.9168
C=COCCCl,1.4273
CCOCCO,0.7251
CCSSCC,0.6314
C1CCCCC1,1.9861
C1=CCCCC1,1.9494
C1CNCCN1,-0.7959
c1ccncc1,1.3181
C1OCOCO1,1.2435
C1CCNCC1,1.5067
C1COCCN1,1.0035
O=C(O)CCCC(=O)O,-5.5414
CC(C)CNCC(C)C,0.8615
CC(O)CNCC(C)O,-3.9041
CCCCCCCC(=O)OC,-0.2673
CCCCCCC(C)=O,0.1303
CCCCCCC(=O)O,-1.9706
CCOCCOC(C)=O,0.3692
O=C(O)CCCCCC(=O)O,-7.0458
O=C(O)CCCCCCCCC(=O)O,-7.2557
CCCCCCBr,0.5906
CCCCCCN,0.9538
CCCCCCO,-0.0325
OCCCCCO,-2.4089
O=CCCCC=O,-0.2218
CCCCCCS,0.6235
C=COCCCC,1.6911
CCCCN=C=O,1.2455
NCCNCCN,-0.6351
NCCNCCO,-2.0867
OCCNCCO,-3.5528
CCCOCCC,1.7959
ClCCOCCCl,0.1903
OCCOCCO,-2.2441
CCCSCCC,0.8098
OCCSCCO,-2.4908
C1CCCNCC1,0.9079
CC(=O)OCCOC(C)=O,-1.1113
CCCCCCCCCCCCCCCCCC(=O)OCC,-5.5867
CCCCCCCC,1.1477
C=CCCCCCC,1.2409999999999999
CC=CCCCCC,1.2133
CCCCCCCN,0.4378
N#CCCCCC#N,-3.1681
CCCCCCCO,-0.6651
CCCCCCC=O,0.5465
CCCCOCCO,-0.0555
COCCOCCO,-0.6021
C1=CCCC=CCC1,0.6948
CCCCCCCCCCCC(=O)OC,-2.3862
CCCCCCCCBr,-0.4181
CCCCCCCCC,0.6484
CCCCCCCCCl,-0.0223
CCCCCCCCN,-0.0137
CCCCCCCCO,-1.1002
CCCCCCCCS,-0.3721
CCOCCOCCO,-0.8996
ClCCOCOCCCl,-0.8794
CCCCNCCCC,0.4128
COCCOCCOC,0.4713
CCCCCCCCC(=O)O,-2.7825
CCCCOCCOC(C)=O,-0.426
CCCCCCCCCCCCCCCCCC(=O)OC(C)C,-4.4012
CCCCCCCCCC(C)=O,-1.383
CCOCCOCCOC(C)=O,-1.0048
CCCCCCCCCN,-0.556
NCCNCCNCCN,-3.385
CCCCCCOCCO,-0.8097
ClCCOCCOCCCl,-1.2218
OCCOCCOCCO,-2.8794
CCCCCCCCCCBr,-1.3979
CCCCCCCCCCO,-2.0701
CCCCCCCCCC=O,-0.9872
CCCCOCCOCCO,-1.6596
CCOCCOCCOCC,-0.2836
CCCCCCCCCCC(=O)O,-2.4192
C=CCCCCCCCCC(=O)O,-3.0283
CCCCCCCCCCCCCCCC(=O)OC,-4.3279
CCCCCCCCCCCC,-0.8697
C=CCCCCCCCCCC,-0.7975
CCCCCCCCCCCO,-2.5275
CCCCOCCOCCCC,-1.0458
COCCOCCOCCOC,-1.3944
CCOCCOCCOCCO,-2.0
CCCCCSSCCCCC,-2.1972
CCCCCCCCCCCCCl,-2.2007
CCCCCCCCCCCCO,-3.0716
CCCCCCCCCCCC=O,-1.8153
CCCCCCCCCCCCS,-2.0693
NCCNCCNCCNCCN,-6.0969
CCCCCCOCCCCCC,-1.3363
CCCCCCOCCOCCO,-2.9281
OCCOCCOCCOCCO,-4.3325
CCCCCCCCCCCCCCCCCC(=O)OC,-4.8681
CCCCCCCC/C=C\CCCCCCCC(=O)OC,-5.2013
CCCCC/C=C\C/C=C\CCCCCCCC(=O)OC,-5.4353
CCCCCCCCCCCCCO,-3.3605
CCCCCCCCCCCCCCBr,-3.3477
CCCCCCCCCCCCCCO,-3.9586
CCCCOCCOCCOCCCC,-1.584
CCCCCCCC/C=C\CCCCCCCC(=O)O,-5.8539
CCCCCCCCCCCCCCCCBr,-4.314
C=CCCCCCCCCCCCCCCCC,-4.1707
CCCCCCCCCCCCCCCCCCBr,-5.2259
CCCCCCCCCCCCCCCCCCO,-5.5686
CCCCCCCCCCCCCCCCCCCC,-5.3355
C#CC(O)(C=CCl)CC,-1.0
CCCCC(CC)CN1C(=O)C2C3C=CC(C3)C2C1=O,-4.7447
CNC(=O)Oc1ccccc1OC(C)C,-5.0141
C=CC,3.9389999999999996
COC,3.6484
C=C(C)C,3.3632
O=CC(Br)(Br)Br,0.183
C#CC(C)(C)O,1.204
CC[Si](Cl)(Cl)Cl,1.6738
CC(=O)C(C)(C)O,0.7918
FC1(F)C(F)(F)C(F)(F)C1(F)F,3.3701
CN(C)P(=O)(F)N(C)C,-0.9586
O=S1OCC2C(CO1)C1(Cl)C(Cl)=C(Cl)C2(Cl)C1(Cl)Cl,-6.168899999999998
OC(c1ccc(Cl)cc1)(c1ccc(Cl)cc1)C(Cl)(Cl)Cl,-6.4001
CCCCC(CC)(CO)CO,-4.0
O=P(Oc1ccccc1)(Oc1ccccc1)Oc1ccccc1,-5.202000000000001
CCOP(=S)(OCC)Oc1ccc(S(C)=O)cc1,-4.301
C=CC(C)(CCC=C(C)C)OC(C)=O,-0.9547
O=P(OCCCl)(OCCCl)OCCCl,-1.2125
CNC(=O)ON=CC(C)(C)SC,-4.4597
C=C(C)OC,2.7135
FC(F)=C(F)F,4.3899
FC(F)=C(F)C(F)(F)F,3.6899
O=S(=O)(c1ccc(Cl)cc1)c1cc(Cl)c(Cl)cc1Cl,-9.6198
CCC(C)C(=O)O,-0.3089
COC(=O)C(Cl)Cl,0.6537
Nc1ccc(O)c2c1C(=O)c1ccccc1C2=O,-8.5229
O=[N+]([O-])c1c(Cl)c(Cl)cc(Cl)c1Cl,-2.7447
Nc1ccc2c(c1)C(=O)c1ccccc1C2=O,-10.300999999999998
O=C1C(Cl)=C(Cl)C(=O)c2ccccc21,-5.9586
CCCCC(CC)COC(=O)c1ccccc1C(=O)OCC(CC)CCCC,-6.8477
CCCCCCCCOC(=O)c1ccccc1C(=O)OCCCCCCCC,-7.0
CCOC(=O)c1ccccc1O,-1.0724
Clc1c(Cl)c(Cl)c(Cl)c(Cl)c1Cl,-4.7447
Cc1ccccc1C(=O)O,-3.1824
O=C(O)c1ccccc1Cl,-3.1805
Cc1c([N+](=O)[O-])cc([N+](=O)[O-])cc1[N+](=O)[O-],-5.0958
CCOP(=S)(OCC)Oc1ccc(=O)n(-c2ccccc2)n1,-7.9586
O=[N+]([O-])c1ccc(Nc2ccc(O)cc2)c([N+](=O)[O-])c1,-11.3979
COC(=O)c1ccccc1O,-1.4647
Cc1cc(OC(=O)N(C)C)n(C(C)C)n1,-3.0
O=C(c1ccccc1)C(O)c1ccccc1,-5.2781
O=C(c1ccccc1)c1ccccc1,-2.7144
c1ccc2c(c1)CCCC2,-0.4342
c1ccc2cnccc2c1,-1.1551
O=[N+]([O-])c1ccccc1Nc1ccccc1,-5.0
c1ccc2cc3ccccc3cc2c1,-5.1851
Oc1ccc(Cl)cc1Cc1ccccc1,-5.8539
CC(Oc1ccc(Cl)cc1Cl)C(=O)O,-6.7287
O=C(OCc1ccccc1)c1ccccc1,-3.6498
O=Cc1ccc2c(c1)OCO2,-2.0
COC(=O)c1ccc(C(=O)OC)cc1,-2.0
OCCOc1ccc(Cl)cc1Cl,-3.7009
c1ccc2[nH]ccc2c1,-1.9136
Cc1nc2ccccc2s1,-1.5243
Oc1ccccc1O,-2.4365
Clc1ccc(Cl)c(Cl)c1,-0.3372
Oc1ccc(Cl)cc1Cl,-1.0458
O=C1CCCC1,1.0569
CN1CCCC1,2.0
Cc1ccc([N+](=O)[O-])cc1[N+](=O)[O-],-3.8327
C=C/C=C\CC1=C(C)[C@@H](OC(=O)[C@@H]2[C@@H](C=C(C)C)C2(C)C)CC1=O,-4.6925
C=C/C=C\CC1=C(C)[C@@H](OC(=O)[C@@H]2[C@@H](/C=C(\C)C(=O)OC)C2(C)C)CC1=O,-6.4001
CCOc1cc(C=O)ccc1O,-4.9842
COc1cc(C=O)ccc1O,-3.9274
COB(OC)OC,2.1349
CCN(CC)CC,1.7564
CN(C)c1ccccc1,-0.1549
O=[N+]([O-])c1cccc(Cl)c1,-1.0132
CCOC(=O)CC(SP(=S)(OC)OC)C(=O)OCC,-5.4711
O=[N+]([O-])N1CN([N+](=O)[O-])CN([N+](=O)[O-])C1,-8.3872
COP(=S)(OC)Oc1ccc([N+](=O)[O-])c(C)c1,-4.2676
CCNc1nc(Cl)nc(NCC)n1,-7.6556
c1ccc(Nc2ccccc2)cc1,-3.1739
CC(C)OC(=O)Nc1ccccc1,-3.8539
CCOC(OCC)OCC,0.5868
CC(=O)C=Cc1ccccc1,-1.9066
c1ccc(OCC2CO2)cc1,-2.0
c1ccc(NNc2ccccc2)cc1,-3.3605
O=CCc1ccccc1,-0.4067
CC(=O)Oc1ccccc1,-0.3997
OCCCc1ccccc1,-1.7018
OCCNc1ccccc1,-2.6562
OCCOc1ccccc1,-2.1549
CCCCCCCCCCCCc1ccccc1,-4.2916
CCCCCCCCCCCCCc1ccccc1,-4.8962
CCCCC(CC)CCl,0.0792
CCCCC(C=O)CC,0.2553
CCc1ccc(O)cc1,-1.4295
O=Cc1ccc(O)cc1,-3.9481
COc1ccc(C=O)cc1,-1.4828
CCCC(=O)CCC,0.7868
CCOC(=O)CCC(=O)OCC,-1.3575
Nc1ccc(O)cc1,-4.3979
Oc1ccc(O)cc1,-4.6198
C=CC(=C)CCC=C(C)C,0.304
CCC=O,2.5008
CC(=O)CC(C)(C)O,0.233
CC(C)CCO,0.3747
CC(=O)CC(C)=O,0.4713
O=C1CCC(=O)N1,-4.1249
CCC(=O)OC(=O)CC,0.1335
CC1OC(C)OC(C)O1,1.0426
CCCC=O,2.0469
C/C=C/C=O,1.4771
C1CCNC1,1.7972
CC(=O)CCC(=O)O,-2.9508
NC(=O)N=NC(N)=O,-9.7258
CCCCCCCCOC(=O)CCCCC(=O)OCCCCCCCC,-6.0706
CCCCOC(C)=O,1.0611
C1COCCO1,1.5808
CC(=O)OCCC(C)C,0.7482
CCCCCCC(C)O,-0.6162
O=C(O)CCCCCCCC(=O)O,-7.9702
C=CCNCC=C,1.3054
O=C(O)CCCCC(=O)O,-6.4976
O=C(Cl)OCCOC(=O)Cl,-1.6655
CCCCCCCC(=O)O,-2.4306
NCCCCCCN,-0.9281
CCCCCCCCCCCCCC(=O)OC,-3.3101
C=CCCCCCCC,0.7324
CCCCCCCC#N,-0.4089
CCCCCCCC=O,0.0719
CCCCOCCOCCOC(C)=O,-1.3979
CCCCCCCCCC,0.1553
CCCCCCCCC=O,-0.4318
CCCCCCCCCCCCN,-2.0942
O=C=O,4.6838
CNC,3.1818
CC(C)(N)CO,0.0
FC(F)(Br)C(F)(F)Br,2.5119
O=P(OCC(Br)CBr)(OCC(Br)CBr)OCC(Br)CBr,-3.7212
CCCCOP(=O)(OCCCC)OCCCC,-2.9469
C=C(C)C#N,1.8525
C=CC(=C)Cl,2.3334
CC(O)CCl,0.6902
CC(=O)C(=O)O,0.1109
ClC(Cl)=C(Cl)Cl,1.2672
CC(=O)N(C)C,0.301
CC(=O)/C=C/C1C(C)=CCCC1(C)C,-1.7619999999999998
C=C1CCC2CC1C2(C)C,0.4669
Cc1cc(C(C)(C)C)c(O)c(C(C)(C)C)c1,-2.2874
Nc1ccc(N)c2c1C(=O)c1ccccc1C2=O,-9.699
c1cc2ccc3cccc4ccc(c1)c2c34,-5.3468
O=C1c2ccccc2C(=O)c2c(O)cccc21,-6.6792
COC(=O)c1ccccc1C(=O)OC,-2.5114
CCCOC(=O)c1ccccc1C(=O)OCCC,-3.8794
c1ccc2c(c1)oc1ccccc12,-2.6055
c1ccc2c(c1)sc1ccccc12,-3.6882
O=C1C2CC=CCC2C(=O)N1SC(Cl)(Cl)Cl,-7.0458
O=C1c2ccccc2C(=O)N1SC(Cl)(Cl)Cl,-6.8041
COC(=O)c1ccccc1N,-1.567
Nc1cccc2ccccc12,-2.3789
CCN(CC)C(=O)c1cccc(C)c1,-2.699
O=C(C(=O)c1ccccc1)c1ccccc1,-3.6839999999999997
CCc1ccccc1CC,0.0212
Oc1ccc2ccccc2c1,-3.4949
CCC(C)c1ccccc1,0.2435
c1ccc(N=NNc2ccccc2)cc1,-4.7196
CCCCOC(=O)c1ccccc1,-2.0
Cc1ccccc1S,-0.1928
Cc1cc(C)c(N)cc1C,-2.0458
CN(C)C(=S)SSC(=S)N(C)C,-4.7632
CCC(C)CO,0.4942
CCCCOC(=O)C(C)O,-0.3979
C=C(C)C1CC=C(C)CC1,0.21506666666666666
CC(C)Nc1nc(Cl)nc(NC(C)C)n1,-6.8827
c1ccc(Sc2ccccc2)cc1,-2.1226
O=C(O)/C=C/c1ccccc1,-4.49335
CC(=O)OCc1ccccc1,-0.752
N#CCc1ccccc1,-1.0487
CC(C)(C)CC(C)(C)c1ccc(O)cc1,-3.3206
C=Cc1ccc(C)nc1,0.0719
C=CC(=O)OCC,1.5866
CCOC(=O)/C=C\C(=O)OCC,-0.9788
CCOC(=O)CCCCC(=O)OCC,-1.2388
C=CC(=O)OCCCC,0.7366
NCCO,-0.3936
CCC[Si](Cl)(Cl)Cl,1.4594
CC(C)(C)CC(C)(C)S,0.716
C[Si](C)(C)O[Si](C)(C)O[Si](C)(C)O[Si](C)(C)C,-0.426
C[Si](C)(C)O[Si](C)(C)O[Si](C)(C)O[Si](C)(C)O[Si](C)(C)C,-0.9905
COP(=O)(OC)O/C(C)=C/C(=O)N(C)C,-3.7959
CCOC(C)=O,1.9694
CC(=O)C=C(C)C,0.9143
O=C(O)CC(=O)O,-2.8239
CCc1cccc(CC)c1,0.0531
CCOC(=O)CC(C)=O,-0.1079
ClCCCCl,1.2591
C1=CCCC1,2.5803
CCCCCC(=O)O,-1.3615
C1CCOCC1,1.8545
CCCCCCC,1.6628
CCCNCCC,1.3027
CCCCCCCCCCCCCCCC(=O)OC(C)C,-4.2527
CCCCCCOC(C)=O,0.1216
CCCCOCCCC,0.7789
CCCCCCCCCCCC(=O)O,-4.7953
CCCCCCCCCO,-1.6440000000000001
CCCCCCCCCCS,-1.4353
CCCCCCCCCCCCBr,-2.4056
CCCCOCCOCCOCCO,-2.6021
CCCCCCCCCCCCCCCCN,-3.8761
O=C1C2(Cl)C3(Cl)C4(Cl)C(Cl)(Cl)C5(Cl)C3(Cl)C1(Cl)C5(Cl)C24Cl,-6.6478
CC(C)C(O)C(C)(C)CO,-2.3468
O=C(O)C(=O)O,-3.6308
O=C(O)C1C2CCC(O2)C1C(=O)O,-9.8041
Oc1cccc2cccnc12,-2.7799
c1ccc2[nH]c(-c3cscn3)nc2c1,-8.3979
CCCCC(CC)C(=O)O,-1.5229
C[Si](Cl)(Cl)c1ccccc1,-0.3116
COc1cccc(O)c1,-1.7077
CCOB(OCC)OCC,1.2157
CN(C)C(=O)Nc1ccc(Cl)cc1,-6.2984
N#CCCN,-0.0655
C1CN1,2.3284
FC(F)(F)C(Cl)Br,2.48
CN(C)P(=O)(OP(=O)(N(C)C)N(C)C)N(C)C,-3.0
CCOc1ccc(N)cc1,-1.9805
NCCCO,-1.1129
C1CC12CC2,2.6606
C1CC2CC12,2.5563
c1cc2ccc3ccc4ccc5ccc6ccc1c1c2c3c4c5c61,-11.6635
c1cc2ccc3ccc4ccc5cccc6c(c1)c2c3c4c56,-10.0
c1ccc2c(c1)c1cccc3ccc4cccc2c4c31,-8.2441
c1cc2cccc3c4cccc5cccc(c(c1)c23)c54,-8.2798
c1ccc2c(c1)-c1cccc3c1c-2cc1ccccc13,-6.301
c1ccc2c(c1)-c1cccc3cccc-2c13,-5.0353
c1ccc2cc3c(cc2c1)-c1cccc2cccc-3c12,-9.0155
C1=Cc2cccc3cccc1c23,-2.1752
c1ccc2cc3c4ccccc4c4ccccc4c3cc2c1,-10.0
c1ccc2c(c1)c1ccccc1c1ccccc21,-7.6778
c1ccc2c(c1)ccc1c3ccccc3ccc21,-8.2055
c1ccc2c(c1)cnc1ccccc12,-4.6821
c1ccc2c(c1)ccc1cccnc12,-3.6607
c1ccc2c(c1)Cc1c-2ccc2ccccc12,-6.6144
c1ccc2c(c1)ccc1c3ccccc3sc21,-6.9431
c1ccc2c(c1)Cc1cc3ccccc3cc1-2,-7.2596
c1ccc2nc3ccccc3cc2c1,-3.8697
c1ccc2c(c1)Oc1ccccc1O2,-3.3846
c1ccc2occc2c1,-0.3565
C1CC2CCC1CC2,0.5234
C1CN2CCN1CC2,-0.1296
C1CCC2CC2C1,1.3579
C1CCC1,3.07
C1CSC1,1.7215
C1CCCC1,2.5022
c1cnoc1,1.6576
c1cocn1,2.1206
c1cscn1,1.2343
c1cnccn1,1.0337
C1CCCCCC1,1.3345
C1CCCCCCC1,0.7412
C1CCCCCCCCC1,-0.2516
ClC1=C(Cl)C2(Cl)C3C(Cl)OC(Cl)C3C1(Cl)C2(Cl)Cl,-5.5346
CCOP(=S)(OCC)Oc1cnccn1,-2.5229
CCN(CC)C(=O)/C(Cl)=C(/C)OP(=O)(OC)OC,-4.7825
COP(=S)(OC)Oc1ccc([N+](=O)[O-])cc1,-5.4559
COC(=O)/C=C(\C)OP(=O)(OC)OC,-3.9101
CCOP(=S)(OCC)SCSCC,-3.1952
CCOP(=S)(OCC)SCCSCC,-4.011
COP(=S)(OC)Oc1cc(Cl)c(Cl)cc1Cl,-4.1249
CC(N)Cc1ccccc1,-0.6198
COP(=O)(OC)OC(Br)C(Cl)(Cl)Br,-3.699
CC/C=C\C/C=C\C/C=C\CCCCCCCC(=O)OC,-5.295
CCS(=O)CCSP(=O)(OC)OC,-4.5452
OC(O)C(Cl)(Cl)Cl,1.1761
FC(F)(F)C(Cl)Cl,2.8561
ClC1=C(Cl)[C@]2(Cl)[C@H]3[C@H]([C@@H]4C=C[C@H]3C4)[C@@]1(Cl)C2(Cl)Cl,-3.9208
CCOP(=O)(OCC)Oc1ccc([N+](=O)[O-])cc1,-5.9586
FC(F)(F)C(F)(F)C(F)(F)C(F)(F)N(C(F)(F)C(F)(F)C(F)(F)C(F)(F)F)C(F)(F)C(F)(F)C(F)(F)C(F)(F)F,-0.2581
CCC(C)n1c(=O)[nH]c(C)c(Br)c1=O,-6.5129
FC(F)(F)c1ccc(Cl)cc1Cl,0.0449
Fc1cc(F)c(F)cc1F,1.7532
CCOP(=S)(CC)Oc1cc(Cl)c(Cl)cc1Cl,-4.8239
C[Si](F)(F)c1ccccc1,0.8807
FC(F)(F)c1ccc(Cl)c(Cl)c1,0.3724
O=[N+]([O-])c1ccc([N+](=O)[O-])c(O)c1,-3.9136
CP(=O)(F)OC1CCCCC1,-1.3565
CN(C)C(=O)Nc1ccc(Cl)c(Cl)c1,-7.1612
CON(C)C(=O)Nc1ccc(Cl)c(Cl)c1,-5.8447
FC(F)(F)COCC(F)(F)F,2.1931
CCOP(=S)(OCC)Oc1cc(C)nc(C(C)C)n1,-4.0453
CCCCCCCCCC(=O)O,-3.4364
CCCCCCCCCCF,-0.2034
CCCCCCCCCCCCF,-0.6819
O=[N+]([O-])C(F)(F)F,3.8479
FC(F)(F)C(F)(F)C(F)(F)C(F)(F)C(F)(F)C(F)(F)C(F)(F)F,1.8831
O=C(O)C(F)(F)C(F)(F)C(F)(F)C(F)(F)C(F)(F)C(F)(F)C(F)(F)F,-0.2798
Fc1c(F)c(F)c(Br)c(F)c1F,0.9033
Fc1c(F)c(F)c(Cl)c(F)c1F,1.2502
FCc1ccccc1,0.8319
Cc1ccc(F)cc1,1.3216
Cc1cccc(F)c1,1.3383
CCSCC,1.7796
CCF,3.8352
O=C(F)F,4.6488
FC(F)(Cl)Br,3.3149
FC(Cl)C(F)(F)Cl,2.7924
FC(F)C(F)(F)F,4.0212
FC(F)(F)C(Cl)(Cl)Cl,2.5563
FC(F)(F)C1(F)C(F)(F)C(F)(F)C(F)(F)C(F)(F)C1(F)F,2.0245
FC(F)(F)C(F)(F)C(F)(F)C(F)(F)F,3.3025
FC(F)(F)C(F)(F)C(F)(F)C(F)(F)C(F)(F)C(F)(F)F,2.3382
FC1(F)C(F)(F)C(F)(F)C(F)(F)C(F)(F)C1(F)F,2.2339
FC1(F)C(F)(F)C(F)(Cl)C1(F)Cl,2.3617
CC[Si](F)(CC)CC,1.5658
FC(F)=CCl,3.5502
FC(=C(F)C(F)(F)F)C(F)(F)F,3.3017
Fc1cc(F)c(F)c(F)c1F,1.83
Fc1ccccc1F,1.7275
OCCF,1.3284
CC(C)NP(=O)(F)NC(C)C,-3.0
Fc1cccc(F)c1,1.9178
Fc1cc(F)cc(F)c1,2.0159
CCCCCCF,1.7621
C[C@H](O)C(F)(F)F,1.7847
FC(F)(F)C(F)(Cl)Cl,3.2148
OCC(F)(F)C(F)(F)C(F)(F)F,1.5193
O=C(O)C(F)(F)C(F)(F)C(F)(F)F,0.8041
O=C(O)C(F)(F)C(F)(F)C(F)(F)C(F)(F)C(F)(F)C(F)(F)F,-0.8761
Fc1c(F)c(F)c(F)c(F)c1F,1.9269
Fc1ccccc1C(F)(F)F,1.5848
FC(F)C(F)(F)OCC(F)(F)F,2.3284
O=C(OC(=O)C(F)(F)F)C(F)(F)F,1.6149
N#CN,-2.426
N#CO,2.9098
C1CS1,2.3979
CC(F)(F)F,3.9794
OCC(F)(F)C(F)(F)F,1.6641
FC(F)(F)C(F)(F)C(Cl)Cl,2.3802
CC(=O)CF,1.8018
CC(=O)C(C)=O,1.7545
FC(C(F)(F)F)C(F)(F)F,3.5328
Fc1c(F)c(F)c(C(F)(F)F)c(F)c1F,1.4624
O=[N+]([O-])c1ccc(F)cc1O,-1.6402
O=C(Cc1ccccc1)c1ccccc1,-3.7354
C[Si](C)(F)c1ccccc1,0.4628
C#CC#C,3.1196
CCCF,3.3041
N#CC#N,3.6337
FC(F)CC(F)(F)F,3.0512
COCC(F)F,2.4771
Fc1ccccc1,1.8876
CCCCCCC(=O)CCCCCC,-2.1752
CCOCOCC,1.5327
CCCCCON=O,0.5984
CCCCCCCCF,0.7725
CC/C=C\C/C=C\C/C=C\CCCCCCCC(=O)O,-6.2675
C=C=C,3.7348
C=C=O,4.0179
O=C=S,3.9737
CC(C)(C)C,3.1089
CC(C)C(C)(C)C,2.0086
CC(C)C12CCC(C)(CC1)O2,0.28600000000000003
CC12CCC(CC1)C(C)(C)O2,0.2788
CCOP(=O)(OCC)OC(=CCl)c1ccc(Cl)cc1Cl,-5.1249
NC(=O)C(N)=O,-7.1972
NC(=O)C(=O)O,-6.3333
CCC(C)c1cc([N+](=O)[O-])cc([N+](=O)[O-])c1OC(=O)C=C(C)C,-6.5003
Cc1ccc(C)c(C)c1C,-0.4429
Cc1ccnc2ccccc12,-2.1959
OC[C@H]1O[C@H](O)[C@H](O)[C@@H](O)[C@@H]1O,-13.0958
c1ccc2c(c1)CCC2,0.1664
Cc1ccc(N)c(N)c1,-3.2013
Cc1cc(C)c(O)cc1C,-2.1681
O[C@H]1[C@H](O)[C@@H](O)[C@@H]2OC[C@H]1O2,-7.1249
C1=CC2CCC1C2,1.5932
COP(=S)(OC)Oc1ccc([N+](=O)[O-])c(Cl)c1,-5.3979
O=C(O)CCc1ccccc1,-2.5735
O=C(Cl)OCc1ccccc1,-2.5058
C(#Cc1ccccc1)c1ccccc1,-2.6421
O=C1CCCCCC1,0.0969
O=C1CCCCCO1,-0.8697
O=C1CCCCCCC1,-0.3893
CCCCC(=O)CCCC,-0.2581
CC#CC,2.8488
C1CNC1,2.2512
C1COC1,2.5105
CC(C)CC(=O)O,-0.3565
O=C1CC(=O)NC(=S)N1,-7.699
CC(C)=CC(=O)C=C(C)C,-0.5575
OCCCO,-1.3556
C1CSCCS1,-0.0969
O=C(O)CCCCCCC(=O)O,-6.5406
ClCCSCCCl,-0.9586
CCCCCCCCCCCF,-0.6819
CCCCCCCCCCCCCCCCC(=O)O,-7.2055
CCCCCCCCCCCCCCCCCCCC(=O)O,-8.7416
CC(=O)Br,2.0849
CC(=O)I,1.5111
CC(C)(C)Br,2.1313
FC(Cl)C(F)(F)C(F)(F)Cl,2.4564
CC1(C)[C@@H]2CC[C@]1(C)[C@H](O)C2,-1.2993
O=[N+]([O-])C([N+](=O)[O-])([N+](=O)[O-])[N+](=O)[O-],0.9253
CCOC(=O)C(O)(c1ccc(Cl)cc1)c1ccc(Cl)cc1,-5.6576
CCOC(F)(F)C(F)F,2.3385
COP(=O)(OC)OC,-0.0706
C=C(Br)CBr,0.8797
CC=C(C)C,2.6702
CC(C)CI,1.1947
CC(C)CS,1.8438
CCC(C)I,1.2329999999999999
CCC(C)S,1.9069
C=C(C)C(=C)C,2.1805
CC(O)C(C)O,-0.6770499999999999
CC(=O)C(Cl)Cl,1.4306
CCOC(=O)C(Cl)(Cl)Cl,0.5808
c1ccc(C(c2ccccc2)c2ccccc2)cc1,-5.2534
CC(=O)C1C(=O)C=C(C)OC1=O,-2.9019999999999997
Cc1cccc(C)c1C,0.2275
Cc1cccc(O)c1C,-1.0506
Cc1cc(C)c(C)c(C)c1,-0.303
Cc1cc(C)c(O)c(C)c1,-1.7595
Cc1ccccc1C(C)C,0.1761
O=[N+]([O-])c1ccccc1[N+](=O)[O-],-4.342
Cc1ccccc1C#N,-0.3483
C=C(c1ccccc1)c1ccccc1,-1.8827
NN(c1ccccc1)c1ccccc1,-3.3092
O=C(CCl)c1ccccc1,-2.2676
CCCCOC(=O)C1=CC(=O)CC(C)(C)O1,-3.5229
CN1CSC(=S)N(C)C1,-5.5528
CCC(Br)CBr,0.4915
O=C(CCl)CCl,-0.20199999999999999
COC(C)OC,2.2335
Cc1ccco1,2.1938
Cc1cc([N+](=O)[O-])cc([N+](=O)[O-])c1O,-3.9208
CCOC(=O)[C@H](C)Cl,0.5569
CCOC(=O)C(Cl)Cl,0.4559
Cc1cccc(C(C)C)c1,0.2355
C#Cc1ccccc1,0.3139
CCc1ccncc1,0.3552
CCc1cccnc1,0.4031
COc1cccc(N)c1,-1.1249
CCN(CCCl)CCCl,-0.6021
COCc1ccccc1,0.2201
CCOCc1ccccc1,-0.0339
CCCCC(=O)OCC,0.6812
CCOC(=O)CCC(C)=O,-0.6819
Fc1ccc(F)cc1,1.8076
CCC(=O)OCC(C)C,0.8106
BrC=CBr,1.4914
CCCCl,2.5372
ClC=CCl,2.3032
SCCS,0.7488
CCOC,3.1732
CNNC,1.8445
CC(C)CC(C)(C)C,1.6928
CC(=O)OC(C)(C)C,1.6721
C[Si]1(C)O[Si](C)(C)O[Si](C)(C)O[Si](C)(C)O[Si](C)(C)O[Si](C)(C)O1,-1.6478
C[Si](C)(C)O[Si](C)(C)O[Si](C)(C)O[Si](C)(C)O[Si](C)(C)O[Si](C)(C)O[Si](C)(C)C,-2.4962
C[Si]1(C)O[Si](C)(C)O[Si](C)(C)O[Si](C)(C)O[Si](C)(C)O1,-0.6990000000000001
C[Si]1(C)O[Si](C)(C)O[Si](C)(C)O1,0.5477
ClC=C[As](Cl)Cl,-0.2366
CC(C)CCS,1.3079
CCCC(Cl)Cl,1.3585
CCCC(N)=O,-2.4078
CCOC(=O)Cl,1.3502
Cc1csc(C)n1,0.7058
Clc1cccc(Cl)c1,0.3324
O=C(CCl)OC(=O)CCl,-1.4296
ClC1CCCCC1,0.8277
CC(C)COC=O,1.6029
CCCCI,1.1418
CCN=C=S,1.0576
ClCOCCl,1.4683
C1=CCC=C1,2.6385
O=C(Cl)CCC(=O)Cl,-0.4323
CC(C)COC(=O)Cl,0.9217
CC(C)CO[N+](=O)[O-],0.9192
CCCCCC(C)O,0.0899
CCCCCCl,1.517
CC(C)CCOCCC(C)C,0.1461
CC(C)CCSCCC(C)C,-0.4968
CCCCCCCl,0.9716
N#CCCCC#N,-2.0841
C1=CC=CCC=C1,1.3714
CCCCSCCCC,0.0792
CCCCCCCCCCCCCC(=O)O,-5.8539
CCCCCCCCCCCCCCCC,-2.8447
CCCCCCCCCCCCCCCCI,-4.7828
N#CC(Cl)(Cl)Cl,1.8699
CC(C)[C@]12CC(=O)[C@H](C)[C@H]1C2,-0.3854
COC(=O)C(C)C,1.6925
O=C1C=Cc2cccc3cccc1c23,-5.1675
Fc1ccc(F)c(F)c1F,1.6949
O=C(O)c1ccc2c(c1)C(=O)OC2=O,-5.0061
CN(c1ccccc1)c1ccccc1,-2.5075
O=Cc1ccccc1[N+](=O)[O-],-1.7471
c1cc(-c2ccncc2)ccn1,-4.2549
COC(=O)C(=O)OC,0.0584
CCC(=O)OC,1.9245
Cc1cccs1,1.396
C=C1C=CC(C(C)C)CC1,0.2003
ClCCN(CCCl)CCCl,-1.9586
COC(=O)CC(C)C,1.1461
CN=C=S,0.5492
CSC#N,1.0817
C[Si]1(C)O[Si](C)(C)O[Si](C)(C)O[Si](C)(C)O1,0.0212
C[Si]1(C)O[Si](C)(C)O[Si](C)(C)O[Si](C)(C)O[Si](C)(C)O[Si](C)(C)O[Si](C)(C)O[Si](C)(C)O1,-2.5391
C[Si](C)(C)O[Si](C)(C)O[Si](C)(C)O[Si](C)(C)O[Si](C)(C)O[Si](C)(C)O[Si](C)(C)O[Si](C)(C)C,-2.4962
C[Si]1(C)O[Si](C)(C)O[Si](C)(C)O[Si](C)(C)O[Si](C)(C)O[Si](C)(C)O[Si](C)(C)O[Si](C)(C)O[Si](C)(C)O1,-4.752
CCCOC(=O)CC(C)C,0.4133
CCCOC,2.6678
C=CCOCC,2.1847
CCCCCC[C@H](C)I,0.1361
CC(Br)Br,1.4077
C=C(C)Cl,2.9133
BrC(Br)(Br)Br,-0.5686
CS(=O)(=O)F,1.0374
C=CC(C)(C)C,2.634
CCC(C)(C)C(C)C,1.4314
C=C(C)C(C)(C)CC,1.4801
CC(=O)Oc1ccc2c3c1O[C@H]1[C@@H](OC(C)=O)C=C[C@H]4[C@@H](C2)N(C)CC[C@]314,-9.1198
CCC(C)(C)CC,1.9175
CCOP(=S)(OCC)SCSP(=S)(OCC)OCC,-5.8239
CCCC(C)(C)CC,1.4564
C=CC(C)C,2.9555
C=C(C)CC,2.7853
C=C(C)CCl,2.0073
C=CC(C)Cl,2.1847
CC(Cl)=CCl,1.9578
C=CC(Cl)Cl,1.8482
CC=C(Cl)Cl,1.9578
O=[N+]([O-])CBr,0.4914
C=C(C)C(C)C,2.4014
CC(C)=C(C)C,2.1004
CC(=O)C(C)C,1.7177
CC[C@H](C)C(C)(C)C,1.5065
CCC(C)C(C)C,1.8382
CCC(C)C(C)=O,1.0648
CCC(=O)C(C)C,1.2579
CC(C)C(C)C(C)C,1.433
CC(C)=C(C)C(C)C,1.3519999999999999
CC(C)C(=O)C(C)C,1.1278
Cc1cccc2cccc(C)c12,-2.3197
Cc1ccc(C)c2ccccc12,-1.6696
Cc1cccc2c(C)cccc12,-2.301
Cc1ccc2ccccc2c1C,-1.8962
Cc1cc(C)c2ccccc2c1,-1.6345
Cc1ccc2c(C)cccc2c1,-1.8356
Oc1cccc(Cl)c1Cl,-1.2366
Cc1cccc(C)c1O,-0.767
CC(C)c1ccccc1C(C)C,-0.4411
CCc1ccccc1N,-0.7696
Cl[As]1c2ccccc2Nc2ccccc21,-12.699000000000002
CCc1cccc(CC)c1N,-2.4168
COc1ccccc1C(=O)O,-4.7989
Nc1ccc2ncccc2c1,-4.7878
Nc1cnc2ccccc2c1,-4.5391
Cc1cc2ccccc2cc1C,-2.9586
Cc1ccc2cc(C)ccc2c1,-2.3665
Cc1ccc2ccc(C)cc2c1,-2.2457
CCC(C)C(C)CC,1.3365
CC1CCCCC1C,1.2029
Cc1ccncc1C,0.092
CC1CCCCC1=O,0.3522
Cc1cccnc1C,0.4298
Oc1cc(Cl)ccc1Cl,-1.2503
CCC(O)CC,0.943
CCC(O)CO,-1.3002
C=CCC1=C(C)C(OC(=O)C2C(C=C(C)C)C2(C)C)CC1=O,-5.9208
Cc1ccc(N=C=O)cc1N=C=O,-2.0969
CCCC(C)C(C)C,1.3692
CC(C)(C)c1cccc(O)c1,-1.6968
O=C(O)c1cccc(Br)c1,-4.0427
O=[N+]([O-])c1cccc(Br)c1,-1.1549
CC1=CCC(=C(C)C)CC1,-0.129
O=C(O)c1ccc(Br)cc1,-5.0021
CCc1ccc(N)cc1,-0.8444
CCCC(C)CC,1.7889
CCCC(=O)CC,1.1444
CCC(C)CC(C)C,1.4829
CCCC(C)CCC,1.3118
CCCC(O)CCC,-0.0048
CC(C)COC(=O)CC(C)C,0.2655
CCCC[C@@H](O)CCC,-0.5072
CCCCC(C)CC,1.2923
CCCC[C@@H](O)CC,-0.1308
CC1CCC(C)CC1,1.2524
CC1CCC(=O)CC1,0.1761
Cc1ccc(C)nc1,0.526
CCCCC[C@@H](O)CC,-0.5918
CCCCOC(=O)CC,0.6451
C=C=CC,3.0997
C/C=C/Cl,2.7052
CCCC(C)(C)C,2.0212
CCCC(C)(C)O,0.9345
CC1(C)CCCCC1,1.3559999999999999
CC1(O)CCCCC1,0.0531
CCCCC(C)(C)C,1.5315
CC(C)CC=O,1.699
Cc1cccc(Br)c1,0.1847
CC1CCCC(C)C1,1.3033666666666668
Cc1cncc(C)c1,0.2395
CC1CCCC(O)C1,-0.3198
CC1CCCC(=O)C1,0.1761
Oc1cc(Cl)cc(Cl)c1,-2.0747
CC1C=CCCC1,1.5399
CC1=CCCCC1,1.48865
Ic1ccccc1,0.0253
CCCCC(C)C,1.8195
CCCCC(C)=O,1.0645
C=CCOC(C)=O,1.4346
C=CCC=C,2.8738
C=C=CCC,2.5661
CC=CCCl,1.8388
CC(C)CCC(C)C,1.4814
CCCCCC(C)C,1.3159999999999998
CCCCOC(=O)Cl,0.8156
C=CCCCC,2.2648
C=CCCC=C,2.3441
C=CC/C=C/C,2.2363
CCC=CCC,2.2173
C=CC=CCC,2.1121
CCCCCF,2.2652
C1=CCCC=C1,1.9880000000000002
C=CCCCCC,1.7731
CC=CCCCC,1.6848
CCCCOC=O,1.4609
C=CCSCC=C,0.9645
CCC/C=C/CCC,1.2514
CCCCCCCCCCCC(C)=O,-1.9821
CCCCCCCCCCCCCCCCCC,-3.4669
CCCCCCCCCCCCCCCCCCCCCCCCCCC,-6.551
CF,3.4551
CC[As],2.699
C=CBr,3.0141
FCCl,3.3892
CNO,0.2222
C[Se]C,2.3802
CC(Cl)Br,1.93
CC1CC1,3.1995
ClSC(Cl)(Cl)Cl,0.4771
C=C(C)C(C)(C)C,2.0473
CC(C)C(C)(C)O,0.5051
CC(C)(O)C(=O)O,-2.0580000000000003
CC(C)(C)[N+](=O)[O-],1.0792
CC(Cl)(Cl)[N+](=O)[O-],1.2274
CC(C)(C)C(C)(C)C,1.3192
CCC(C)(C)C(=O)O,-0.8297
CCC[C@](C)(O)CC,0.2914
CCCS(=O)(=O)CCC,-2.3853
CC[As](Cl)Cl,0.3598
C=C=C(C)C,2.6298
CC(=O)CBr,1.9542
COC(C)C,2.7817
CC1CCC1,3.1708
FC(F)=C(F)Br,3.2945
CC(C)C(C)O,0.9614
CC(Cl)C(Cl)Cl,0.4911
FC(Cl)=C(F)Cl,2.9496
CC(C)(c1ccccc1)c1ccc(O)cc1,-4.2262
CCOC(=O)C(C)(C)Br,0.4171
CCC(C)[N+](=O)[O-],0.8915
CC(C)C(O)C(C)C,0.4768
c1ccc(-c2c3ccccc3cc3ccccc23)cc1,-7.301
c1ccc([As](c2ccccc2)c2ccccc2)cc1,-4.3044
c1ccc(N(c2ccccc2)c2ccccc2)cc1,-3.4066
O=C1c2ccccc2C(=O)c2cc(O)ccc21,-10.1646
Cc1c([N+](=O)[O-])cccc1[N+](=O)[O-],-3.2464
Cn1c(=O)cc[nH]c1=O,-3.1481
Clc1cc(Cl)c(Cl)c(Cl)c1Cl,-2.9957
CCC(CC)C(C)C,1.3802
Cc1ccccc1N(C)C,-0.0643
CC(=O)Oc1ccccc1[N+](=O)[O-],-2.6615
CCc1ccccc1C,0.4166
C=Cc1ccccc1C,0.2676
Cc1cccc2cccnc12,-1.6024
Nc1cccc2ncccc12,-4.7669999999999995
CC(c1ccccc1)c1ccccc1,-1.84815
Cc1ccc2cccnc2c1,-2.0535
c1ccc(-c2ccc3ccccc3c2)cc1,-4.4559
Cc1ccc2cc3ccccc3cc2c1,-5.2725
CCOC(=O)c1ccco1,-0.43225
Cc1ccccc1I,-0.3444
CCOC(=O)N(C)N=O,0.0719
Cn1ccc(=O)[nH]c1=O,-3.2933
CCC(Cl)CC,1.67
CCC(Cl)CCl,1.3198
COC(=O)OC,1.7435
Cc1ccsc1,1.3454
O=C1CCCN1,-2.0227
CCCC(O)C(C)C,0.129
CC(C)OC(=O)C(C)C,1.2045
CCC(CC)CC,1.7627
CCN(C=O)CC,0.0821
O=C(Br)c1ccccc1,-0.6536
CC(C)c1cccc(O)c1,-1.158
O=C(Cl)c1cccc(Cl)c1,-0.8539
Cc1cc([N+](=O)[O-])cc([N+](=O)[O-])c1,-3.3925
CCCC(CC)CC,1.3017
ICc1ccccc1,-0.9031
CCc1cccc(C)c1,0.4829
CCc1cccc(O)c1,-1.301
CC(=O)OC1CCCCC1,1.0334
S=C=NCc1ccccc1,-1.8142
CCc1ccc(C)cc1,0.4771
C=Cc1ccc(C)cc1,0.2577
CCC[C@@H](O)CC,0.6821
CCCC(=O)OC,1.5089
CCOC(=O)CI,-0.1952
CCOC(=O)C=[N+]=[N-],0.4472
CCCCC(=O)OC,1.2821
COC(=O)/C=C\C(=O)OC,-0.5229
CCCCCOC(=O)CC,0.5563
FCCF,2.7897
CN=C=O,2.5416
CCSC,2.2041
CSSC,1.4579
CC(C)(C)CCO,0.3886
CC(=O)CC(C)(C)N,-0.6990000000000001
CCCCOS(=O)(=O)OCCCC,-1.9281
CCCCC(C)(C)O,0.3168
CCC=C(C)C,2.1987
CCCC(C)Cl,1.6872
COCC(C)C,2.3243
COCC(=O)O,-0.8386
CC(C)OC=O,2.1399
CCO[N+](=O)[O-],1.8062
CC(C)C[N+](=O)[O-],0.8376
CC(=O)NC(C)=O,-2.0044
CC(C)SC(C)C,1.2843
Cc1ccc(C)[nH]1,-0.0942
Brc1cc(Br)cc(Br)c1,-2.8239
Brc1cccnc1,0.2438
CN1CCCCC1,1.2869
CCCCC(C)O,0.3959
CCCC[N+](=O)[O-],0.5786
CCCOC(N)=O,-1.2573
CCCO[N+](=O)[O-],1.3703
OCCCBr,-1.0
C#CCCC,2.6395
CC#CCC,2.3725
CC(C)CCC(C)O,0.3073
O=C(Cl)/C=C/C(=O)Cl,0.3158
CCCCCCCCCCC(=O)OCC,-2.3665
COC(=O)CCCCC(=O)OC,-1.2191
CCCCC=C(C)C,1.2502
CCCCCI,0.6425
CCCCOC,2.1424
CCCCSC,1.1932
CCCOCC,2.2567
O=CNNC=O,-6.1255
C1=CCC=CC1,1.8236
CC(C)COCC(C)C,1.1868
CCCCCCC(C)Cl,0.1361
CCCCCOC(C)=O,0.5441
C#CCCCCC,1.7202
CCCCCC#N,0.4548
ClCCCCCCl,0.0531
CCCCOCC,1.7126
N#CCNCC#N,-2.4672
O=[N+]([O-])OCCO[N+](=O)[O-],-1.1427
CCCCCCCCCCCCCCCC(=O)OCC,-4.6308
CCCCCCC[C@H](C)O,-1.1704
CCCCCCCBr,0.1048
C#CCCCCCC,1.1335
CCCCCCCCl,0.4509
OCCCCCCO,-3.301
CCOCCOCC,1.528
CCCSSCCC,-0.2907
C1=CC=CC=CC=C1,0.8921
CCCCCCCCI,-0.6024
CCCCSSCCCC,-1.1993
CCCCCCCCCCCCC,-1.2534
CCCCCCCCCCCCCC,-1.9355
CCCCCCCCCCCCCCC,-2.4647
CCCCCCCCCCCCCCCBr,-3.8294
C=CCCCCCCCCCCCCCC,-2.5784
CCCCCCCCCCCCCCCO,-4.4142
CCCCCCCCCCCCCCCCC,-3.6421
CCCCCCCCCCCCCCCCCCC,-4.3095
CCCCCCCCCCCCCCCCCCI,-5.7178
CCCCCCCCCCCCCCCCCCCCC,-4.0592
CCCCCCCCCCCCCCCCCCCCO,-7.3447
CCCCCCCCCCCCCCCCCCCCCC,-5.8928
CCCCCCCCCCCCCCCCCCCCCCCCC,-5.8210000000000015
CCCCCCCCCCCCCCCCCCCCCCCCCC,-6.3287
CCCCCCCCCCCCCCCCCCCCCCCCCCCC,-8.7959
CCCCCCCCCCCCCCCCCCCCCCCCCCCCC,-9.3665
CCCCCCCCCCCCCCCCCCCCCCCCCCCCCCC,-10.8539
CCCCCCCCCCCCCCCCCCCCCCCCCCCCCCCCC,-10.3958
CCCCCCCCCCCCCCCCCCCCCCCCCCCCCCCCCCC,-11.2684
CC(C)(C)C#N,1.5373
ClCC(Cl)(Cl)Cl,1.0792
CC[Si](CC)(CC)CC,0.6990000000000001
Clc1ccc(Cl)c(Cl)c1Cl,-1.4089
Clc1cc(Cl)c(Cl)c(Cl)c1,-1.2573
O=C(O)c1ccc[nH]1,-5.6472
CC(C)c1cc(C(C)C)c(C(C)C)cc1C(C)C,-2.699
CCC(=O)OC(C)C,1.3528
Clc1ccc(I)cc1,-1.2299
CCOC(C)(C)C,2.0927
CCCC(C)I,1.0397
Cc1ccc(C)s1,0.9938
CCCCC(C)Cl,1.1347
CCCCCCI,0.1467
CCCCCCCCCCCCC(=O)O,-4.8996
CCCCCCCCCCCCCCCCCCCCCCC,-4.76
CCCCCCCCCCCCCCCCCCCCCCCCCCCCCC,-10.5638
CCSCCSP(=S)(OC)OC,-4.7696
CCCc1ccccc1O,-1.0458
CCCOC(=O)C(C)C,0.9241
Cc1cc(OC(=O)N(C)C)nn1C(=O)N(C)C,-4.0132
CCCc1ccc(O)cc1,-1.426
CCCC=C(C=O)CC,0.1069
C1COCO1,1.8976
CCCCCCCCCCCCCCCCCCCCCCCC,-5.3905
CC(C)CCOC(=O)CC(C)C,-0.0526
CCCCCCCF,1.2648
CC(Cl)c1ccccc1,-0.1871
CCNc1nc(NCC)nc(OC)n1,-5.6198
C=C1CC(=O)O1,1.0302
O=C1CCCCN1,-2.3585
C=CC(F)(F)F,3.6428
FCC(F)(F)C(F)F,2.8779
CN(C)P(=O)(N(C)C)N(C)C,-1.3372
CCOP(C)(=O)OCC,-1.8761
O=C(C(F)(F)F)C(F)(F)F,3.3483
CCCCOB(OCCCC)OCCCC,-0.2788
C#CC=C,3.1310000000000002
C=CCC(C)C,2.434
C=COC=O,2.4955
C#CCCCC,2.1237
CCSCCCl,0.5315
O=[N+]([O-])OCCOCCO[N+](=O)[O-],-2.2291
CCCCCCCCC(C)=O,-0.5706
CCCCCCCCCBr,-0.9212
CCCCCOCCCCC,-0.067
CCCCCCCCCCCBr,-1.9165
Cl[As](Cl)c1ccccc1,-0.9469
CC(C)C1CCCCC1,0.6809999999999999
Cc1cc(C)c(C)c(O)c1,-2.4202
CCc1cc(C)cc(O)c1,-2.0565
Cc1cc(C)c(C)c(C)c1C,-1.4584
Cc1ccc([N+](=O)[O-])c(O)c1,-1.699
CCC(=O)Nc1ccc(Cl)c(Cl)c1,-6.0419
Nc1ccc(N=Nc2ccc([N+](=O)[O-])cc2)cc1,-9.5229
Cc1ccc(N(SC(F)(Cl)Cl)S(=O)(=O)N(C)C)cc1,-5.8239
COP(=S)(OC)SCN1C(=O)c2ccccc2C1=O,-6.3098
CC(C)(C)c1cc(C(C)(C)C)c(O)c(C(C)(C)C)c1,-3.1798
CC(C)OP(=S)(OC(C)C)SCCNS(=O)(=O)c1ccccc1,-6.0969
NS(=O)(=O)C(F)(F)C(F)(F)C(F)(F)C(F)(F)C(F)(F)C(F)(F)C(F)(F)C(F)(F)F,-0.6055
COP(C)(=O)OC,-0.0168
CCCN(CCC)C(=O)SCC,-1.6198
C=CC(C)CC,2.4298
C=C(CC)CC,2.2430000000000003
C=CC(Cl)CCl,1.3395
CCOP(O)OCC,1.0473
C=C(C)CCC,2.29
C=C(C)CCO,0.5508
C=COCCOCCOC=C,-1.6383
CCCCCCCCCCCCCBr,-2.8665
COc1ccccc1Cl,-0.6234
C[Si](C)(Cl)c1ccccc1,-0.1403
O=P(Cl)(Cl)Oc1ccccc1,-1.2802
Oc1c(F)c(F)c(F)c(F)c1F,0.4639
c1ccc2c(c1)CCc1ccccc1-2,-3.2218
Cc1c2ccccc2cc2ccccc12,-4.3979
CCOP(=S)(OCC)SCSc1ccc(Cl)cc1,-6.5229
Clc1ccc(C(c2ccccc2Cl)C(Cl)(Cl)Cl)cc1,-5.8697
O=P(c1ccccc1)(c1ccccc1)c1ccccc1,-8.585
FCC(F)(F)F,3.6981
CCC(=O)CBr,0.5603
CC=C(CC)CC,1.7228
CCCCCCCC(=O)CCCCCCC,-3.3933
CCOC(=O)CCCC(=O)OCC,-0.7932
C=CC(=O)OCCO,-1.2815
CCCCCCCC(C)=O,-0.2048
C=CCCCCCCCCC,-0.3071
Cc1c(N)cccc1N,-2.6091
c1ccc(C2CCCCC2)cc1,-1.399
Cc1cccc2c1ccc1ccccc12,-4.8239
CCNc1nc(NC(C)C)nc(SC)n1,-5.5622
COCCCNc1nc(NC(C)C)nc(SC)n1,-6.5452
C=C(C)C(=O)OCCO,-0.8996
CO[PH](=O)OC,0.6551
C=CCS,2.7197
CCCCCCCC(C)C,0.2755
C=CCCCCCCCC,0.2227
Brc1ccsc1,1.2213
CN1CCCC1=O,-0.4622
CCc1cccs1,1.05
Cn1ccc(=O)n(C)c1=O,-2.2581
CCc1ccc(C)cc1C,-0.0685
Cc1ccc2nc(C)ccc2c1,-2.3625
O=C1CCCCCCCCCC1,-1.3063
c1ccc(SSc2ccccc2)cc1,-3.6576
CCNc1nc(NC(C)(C)C)nc(SC)n1,-5.7721
CCSCCSP(=O)(OC)OC,-3.5229
CCOC(C)(C)CC,1.699
OC(C(F)(F)F)C(F)(F)F,2.2017
CCC(C)C(C)C(C)C,0.9552
CC=C(C)CC,2.1959
CCCCN(CCCC)N=O,-1.3288
C=CC(=O)OCCC,1.1602
CCCCCC(=O)CCCCC,-1.301
CCCCO[N+](=O)[O-],0.9191
NCCOCCO,-2.8125
O=NN1CCCC1,-1.2218
CC[C@@H]1CCC[C@H]1C,1.301
[C-]#[N+]c1ccccc1,0.3806
Oc1cc(Cl)cc(Cl)c1Cl,-1.6576
CCc1cccc(C)c1C,-0.2065
CCc1cc(C)cc(C)c1,0.0133
CCc1ccc(C)c(C)c1,-0.126
CCc1ccc(C(C)=O)cc1,-0.0389
CCc1ccc2ccccc2c1,-1.4999
CC(=O)c1cccc2ccccc12,-3.4066
CCOP(=S)(CC)Sc1ccccc1,-3.4711
c1ccc(COc2ccccc2)cc1,-2.2005
COc1nn(CSP(=S)(OC)OC)c(=O)s1,-5.4724
CN(C)C(=O)C(c1ccccc1)c1ccccc1,-7.5229
COP(=O)(OC)OC(=CCl)c1cc(Cl)c(Cl)cc1Cl,-7.3768
O=[N+]([O-])c1ccc(Nc2ccccc2)c([N+](=O)[O-])c1,-8.5229
CCC(C)(C)OC,1.8763
CC[Si](Cl)(CC)CC,0.8304
C=CCOC(=O)/C=C\C(=O)OCC=C,-2.1659
C[Si](C)(C)N[Si](C)(C)C,1.1396
CCCCCO[N+](=O)[O-],0.705
CCCCCCCCCCCl,-2.0069999999999997
CCCCCCCCCCCCCCC(=O)O,-6.3615
Brc1cccs1,1.3692
CNc1nc(NC(C)C)nc(SC)n1,-6.0009
ClC1=C(Cl)C2(Cl)C3C4OC4C(Cl)C3C1(Cl)C2(Cl)Cl,-4.71
O=S1(=O)OCC2C(CO1)C1(Cl)C(Cl)=C(Cl)C2(Cl)C1(Cl)Cl,-6.5528
CCC(C)(CC)CC,1.3617
CCC(CC)(CC)CC,0.8631
CCC(C(C)C)C(C)C,1.0022
CC(C)CC(C)C(C)C,1.0699
CC(C)(C)CC(C)(C)C,1.3008
CCCCCC(C)(C)C,1.0322
CC(C)(C)CCC(C)(C)C,0.9417
O=C(O)CNCP(=O)(O)O,-7.0088
C=Cc1ccc(Cl)cc1,-0.0885
CCCc1ccccc1C,-0.0027
CCCc1cccc(C)c1,0.4249
CCCc1ccc(C)cc1,0.043
CCCCCCc1ccccc1,-0.9187
CCCCCCCc1ccccc1,-1.5086
CCCCCCCCCc1ccccc1,-2.2434
CN(C)S(=O)(=O)N(SC(F)(Cl)Cl)c1ccccc1,-6.9508
CNC(=O)CSP(=O)(OC)OC,-4.6055
CCCCN(CC)C(=O)SCCC,-1.0531
CNOC,2.5786
COC(=O)CCCC(=O)OC,-0.7447
N#CCC=CCC#N,-2.1586
CCCCCCCCCCC,-0.3852
C=CCCCCCCCCCCCC,-1.8248
CC(CO)c1ccccc1,-1.7212
CCCCOc1ccccc1,-0.5287
CCc1cccc2ccccc12,-1.5988
CN=C(O)Oc1cccc(C)c1,-2.9666
COc1cc(OC)cc(C(=O)O)c1,-6.8601
CCSC(=O)N(CC)C1CCCCC1,-2.699
CC(C)C(C)C(C)(C)C,1.1014
CCC(=O)NC,0.0603
CC=CC#N,1.50445
O=C1CCC1,1.633
C1=COCC1,2.3979
C=C1CCCCC1,1.6046
N#Cc1c(Cl)cccc1Cl,-3.1805
CC12CCC(C1)C(C)(C)C2=O,-0.0876
Cc1cc(C)c2ccccc2n1,-2.1003
C/C(=C\c1ccccc1)C(=O)O,-3.0405
Cc1cccc(Nc2ccccc2)c1,-3.8268
c1ccc(CNc2[nH]cnc3ncnc2-3)cc1,-10.7471
CC1COCc2cc3c(cc21)C(C)(C)C(C)C3(C)C,-3.2636
CCCCC(CC)COP(=O)(Oc1ccccc1)Oc1ccccc1,-4.301
O=[N+]([O-])c1ccc(N=Nc2ccc(O)cc2)cc1,-9.5229
OC1CCCCC1c1ccccc1,-1.4353
CC(C)OP(C)(=O)OC(C)C,-0.5575
Nc1ccccc1-c1ccccc1N,-5.5701
CCCCCCCCCS,-0.8807
CCCCCCCCCCCCCCCCc1ccccc1,-5.4486
CCCCCCCCCCCCCCc1ccccc1,-4.6234
C1OC1C1CO1,1.5911
COc1cccc(OC)c1C(=O)O,-6.7212
C=CCOCCC,1.7836
O=CF,3.4603
O=S(=O)(O)C(F)(F)F,-1.0
c1ccc(-c2c3ccccc3c(-c3ccccc3)c3ccccc23)cc1,-9.8447
COc1cccc(C(=O)O)c1OC,-5.7305
O=[N+]([O-])c1ccc(-c2ccc([N+](=O)[O-])cc2)cc1,-7.5622
CC(C)(C)C(=O)OC(=O)C(C)(C)C,-0.3565
CSC(C)C,1.9031
CNC(=O)Oc1cccc2c1OC(C)(C)C2,-5.3143
CCCOCC(C)O,0.2304
SC1CCCCC1,0.5982
Cc1cc(Cl)ccc1O,-1.6198
CCCN(CCC)c1c([N+](=O)[O-])cc(C(F)(F)F)cc1[N+](=O)[O-],-4.3391
CCc1ccc(Br)cc1,-0.1549
CC1CN(C2CCCCCCCCCCC2)CC(C)O1,-5.4437
CN(C)NC(=O)CCC(=O)O,-3.699
CCNc1nc(NC(C)C)nc(OC)n1,-5.5376
COc1nc(NC(C)C)nc(NC(C)C)n1,-5.6383
C1CCSCC1,0.8954
C=C(CC)CCCC,1.2949
CC12CCC(C1)C(C)(C)C2O,-1.19775
COC(C)(C)C,2.3979
CCOC(=O)CC(SP(=O)(OC)OC)C(=O)OCC,-5.0088
CCCCc1ccc(O)cc1,-2.6536
CC1(C)CCCC1,1.882
CCCCCCCS,0.1163
CCC1CCCC1,1.6001
CNC(=O)O/N=C/C(C)(C)S(C)=O,-4.0
CNC(=O)O/N=C/C(C)(C)S(C)(=O)=O,-4.0458
FC(F)(Cl)CCl,2.5315
CCCCCCCCCC(C)O,-1.4763
N#CCCOCCC#N,-3.7569999999999997
CCC1CCCCC1,1.1082
CCCC1CCCCC1,0.6224
CCCCC1CCCCC1,0.1186
CC(C)CC1CCCCC1,0.6839
SC1CCCC1,1.0569
CCC(C)(C)S,1.6802
CC1(C)C2CC3OC3(C)C1C2,-0.0872
Oc1ccc(/N=N/c2ccccc2)cc1,-6.6364
N#Cc1cc(Br)c(O)c(Br)c1,-7.3261
CCCCCCCC(=O)Oc1c(Br)cc(C#N)cc1Br,-5.3188
O=c1c(Cl)c(Cl)cnn1-c1ccccc1,-4.0458
Nc1cnn(-c2ccccc2)c(=O)c1Cl,-6.3468
O=C(O)c1nc(Cl)ccc1Cl,-4.9208
C1=CCOC1,2.1987
CC(C)O[N+](=O)[O-],1.5328
CC(F)(Cl)Cl,2.7782
Cc1cccc2c1Cc1ccccc1-2,-3.5229
CCCCCCCCCCCCC(=O)OC,-2.8894
Clc1cc2c(cc1Cl)Oc1cc(Cl)c(Cl)cc1O2,-8.8239
CON(C)C(=O)Nc1ccc(Cl)cc1,-3.8239
CCc1cc(C)ccc1C,-0.0272
O=C(O)C1CC1,-0.6198
CCCCCCCCC1CCCCC1,-2.0386
CCCCCCCCCCC1CCCCC1,-2.9872
CC(F)(F)C(F)(F)F,3.5422
Clc1ccc(Cl)c2ccccc12,-2.8539
CCO[Si](C)(C)C,2.0599
COC(=O)c1c(Cl)c(Cl)c(C(=O)OC)c(Cl)c1Cl,-5.6021
CCCCN(CC)c1c([N+](=O)[O-])cc(C(F)(F)F)cc1[N+](=O)[O-],-4.1851
CC(O)COCc1c(Cl)ccc(Cl)c1Cl,-4.0
CCC(C)CS,1.3017
Cc1cc(C)c(O)c(C(C)(C)C)c1,-1.3487
O=C(Cl)Oc1ccccc1,-0.2487
FC(F)OCC(F)(F)F,2.8096
ClC(Cl)=C(Cl)C(Cl)(Cl)Cl,-0.6126
N#Cc1c(Cl)c(Cl)c(Cl)c(C#N)c1Cl,-6.2441
CCNc1nc(Cl)nc(NC(C)C)n1,-6.5391
COc1c(Cl)ccc(Cl)c1C(=O)O,-4.4711
Nc1c(Cl)c(Cl)nc(C(=O)O)c1Cl,-10.1421
NC(=S)c1c(Cl)cccc1Cl,-6.0
CC(C)N(C(=O)CCl)c1ccccc1,-3.6383
COC(=O)COc1ccc(Cl)cc1Cl,-2.6383
CCCCC(CC)COC(=O)COc1cc(Cl)c(Cl)cc1Cl,-5.9208
CCCCOCCOC(=O)COc1ccc(Cl)cc1Cl,-5.3468
CCCSC(=O)N(CCC)CCC,-1.983
Clc1cccc(C(Cl)(Cl)Cl)n1,-2.3188
CCCC#CCCC,0.9854
C#CC(C)OC(=O)Nc1cccc(Cl)c1,-4.8013
CCCCCC(C)Br,0.3583
CN(C)C(=O)Nc1ccc(Oc2ccc(Cl)cc2)cc1,-8.4089
CC1CCCCC1NC(=O)Nc1ccccc1,-8.3979
CCSC(=O)N(CC(C)C)CC(C)C,-1.8861
CCCCCCCCCCCCCCN,-3.0113
CCCCCCCCCCN,-1.0
CC(C)c1ccc2ccccc2c1,-2.2857
CNC(=O)Oc1cc(C)c(SC)c(C)c1,-6.5686
C=Cc1ccc(Br)cc1,-0.1085
C=Cc1cccc(Cl)c1,-0.0083
C=Cc1ccccc1Cl,-0.0173
C=Cc1cc(C)ccc1C,0.0
CCCCC1CCCC1,0.6021
CCCC1CCCC1,1.092
CCOC(=O)CCCCCC(=O)OCC,-2.5086
CCc1cc(C)cc(CC)c1,0.0017
Clc1cccc(-c2cccc(Cl)c2)c1,-3.1878
Clc1ccc(-c2ccc(Cl)cc2)cc1,-3.2716
Clc1ccc2ccccc2c1Cl,-2.699
CCCCCCCCCCI,-1.8539
CCCCCNCCCCC,-0.8153
Clc1c(Cl)c(Cl)c(-c2c(Cl)c(Cl)c(Cl)c(Cl)c2Cl)c(Cl)c1Cl,-6.9731
CCC(C)CCCC(C)C,0.4692
Clc1ccccc1-c1ccccc1,-2.8601
Clc1cccc(-c2ccccc2)c1,-2.134
Clc1ccc(-c2ccccc2)cc1,-1.9788
CCN(CC)Cc1cccnc1,-2.3665
CCOP(=S)(Oc1ccc([N+](=O)[O-])cc1)c1ccccc1,-6.0223
COP(=S)(OC)Oc1cc(Cl)c(Br)cc1Cl,-3.8945
CCCCCCCCCCCCCCCc1ccccc1,-5.1427
Clc1ccccc1C(Cl)(Cl)Cl,-1.2976
Clc1cc(Cl)c(Cl)c(-c2c(Cl)c(Cl)cc(Cl)c2Cl)c1Cl,-5.4056
CC(CO)CO,-1.6778
O=c1[nH]c2c(c(=O)n1C1CCCCC1)CCC2,-8.8239
CN(C)C(=O)Nc1cccc(C(F)(F)F)c1,-6.0278
Clc1c(Br)c(Br)c2c(c1Br)Oc1c(Br)c(Br)c(Cl)c(Br)c1O2,-12.5017
Brc1c(Br)c(Br)c2c(c1Br)Oc1c(Br)c(Br)c(Br)c(Br)c1O2,-12.5114
Clc1nc(Cl)c(Cl)c(Cl)c1Cl,-1.8539
CCCCCCCCc1ccccc1,-1.9462
CCSC(=O)N1CCCCCC1,-2.2518
C=C(C)CC(C)C,1.9753
CCCCCC(C)CC,0.7962
CCCCC(C)CCC,0.8345
ClC1=C(Cl)C(Cl)(C2(Cl)C(Cl)=C(Cl)C(Cl)=C2Cl)C(Cl)=C1Cl,-5.6615
Clc1c(Cl)c(Cl)c2c(Cl)c(Cl)c(Cl)c(Cl)c2c1Cl,-7.9586
C=CC=CC=C,1.9539
C=CC(=O)OCCOC(=O)C=C,-1.1818
COP(=O)(OC)O/C(=C\Cl)c1ccc(Cl)cc1Cl,-5.011
CC(=O)OO[N+](=O)[O-],1.4658
CC(C)N(C(=O)SCC(Cl)=CCl)C(C)C,-3.8239
CC(C)N(C(=O)SCC(Cl)=C(Cl)Cl)C(C)C,-3.9208
C#CCOS(=O)OC1CCCCC1Oc1ccc(C(C)(C)C)cc1,-6.5229
CCCOC(=O)c1ccccc1,-0.8665
COC(=O)CS,0.4771
CCCCF,2.7619
Fc1cc(F)c(F)c(F)c1,1.865
Cc1cc(Cl)cc2c1C(=O)/C(=C1/Sc3cc(Cl)cc(C)c3C1=O)S2,-13.5229
ClC1(Cl)C2(Cl)C3(Cl)C4(Cl)C(Cl)(Cl)C5(Cl)C3(Cl)C1(Cl)C5(Cl)C24Cl,-6.0969
Cc1ccc(O)c(C(C)(C)C)c1,-1.6021
Cc1ccc(C)c(O)c1C,-1.4597
CNC(=O)Oc1ccc(C)c(C)c1,-3.2381
CCCCCCCCCCCCCCCl,-3.1391
CC(C)(C)NC=O,-0.5686
CCCCOCC1CO1,0.5051
C=C(Cl)C(Cl)CCl,0.2742
N#CCCCCCN,-0.7447
CCCCCCCCCCCC#N,-2.6276
C=CCCCCCCCCCCC,-1.1955
Clc1ccc(-c2ccc(Cl)cc2Cl)c(Cl)c1,-4.064
CC(C)c1ccccc1C(=O)O,-3.4593
Cc1ccc2nc3sc(=O)sc3nc2c1,-6.699
Clc1ccc(Oc2ccc(Cl)cc2)cc1,-3.3045
CC1CCCC1C,1.6743
CCCCCCCCCOCCCCCCCCC,-4.2793
COc1cc(Cl)c(Cl)cc1O,-2.3526
COP(=S)(OC)Oc1ccc([N+](=O)[O-])cc1Cl,-5.4437
CCCCCCCCCCl,-0.5735
O=C1/C(=C2\Nc3c(Br)cc(Br)cc3C2=O)Nc2c(Br)cc(Br)cc21,-11.0969
CNc1ccc(NC)c2c1C(=O)c1ccccc1C2=O,-10.699000000000002
Nc1ccc(N)c2c1C(=O)c1c(N)ccc(N)c1C2=O,-7.7447
CCN(CC)c1ccc(/N=N/c2ccccc2)cc1,-7.0733
CO[SiH](OC)OC,1.8808
O=[N+]([O-])c1ccc(N=Nc2ccccc2)cc1,-5.9324
CN(C)c1ccc(N=Nc2ccc([N+](=O)[O-])cc2)cc1,-10.0
C=CC(=O)OCCCCCCCC,-0.9935
COP(=S)(Cl)OC,-0.301
CCCCCCC(=O)Cl,-0.3502
COc1c(O)c(Cl)c(Cl)c(Cl)c1Cl,-4.0757
COP(=S)(OC)SCC(=O)N(C)C=O,-6.0716
CCCCOCCOC(=O)COc1cc(Cl)c(Cl)cc1Cl,-5.8239
CCOc1nc(C(Cl)(Cl)Cl)ns1,-4.0
CCOC(=O)C(SP(=S)(OC)OC)c1ccccc1,-5.585
C=Cc1ccc(O)cc1,-1.8539
CNC(=O)Oc1cc(C)cc(C(C)C)c1,-4.5229
CNC(=O)Oc1ccccc1C(C)C,-4.6778
COP(=S)(OC)Oc1ccc(C#N)cc1,-3.1035
CCOP(=S)(OCC)SCn1nnc2ccccc2c1=O,-5.6198
CNC(=O)Oc1cc(C)cc(C)c1,-3.4437
CNC(=O)Oc1cc(C(C)(C)C)cc(C(C)(C)C)c1,-5.7033
COc1cc(Cl)c(Cl)c(Cl)c1O,-2.7286
COc1cc(Cl)c(OC)cc1Cl,-2.5229
CNC(=O)Oc1cc(C)c(C)c(C)c1,-4.2924
Cc1cccc(N)c1N,-3.2573
Clc1ccccc1Oc1ccccc1,-2.3979
O=[N+]([O-])N1CN([N+](=O)[O-])CN([N+](=O)[O-])CN([N+](=O)[O-])C1,-13.4815
N#CC(C#N)=Cc1ccccc1Cl,-4.4685
CCCC=C(C)C,1.7322
c1cc[n+]2c(c1)-c1cccc[n+]1CC2,-8.0
CC(C)(N=C=O)c1ccc(C(C)(C)N=C=O)cc1,-3.1203
CC(C)(N=C=O)c1cccc(C(C)(C)N=C=O)c1,-2.4949
NC1=C(Cl)C(=O)c2ccccc2C1=O,-6.3468
CCCOCCO,0.4937
CC#CCCCCC,0.875
CCC(C)c1cc([N+](=O)[O-])cc([N+](=O)[O-])c1OC(C)=O,-3.2218
CC(=O)Nc1ccc(/N=N/c2cc(C)ccc2O)cc1,-10.300999999999998
FC(Cl)C(F)(F)F,3.4606
CC1(C)CC(N)CC(C)(CN)C1,-1.8239
CCc1c(C)cccc1C,-0.1316
CCN(CCO)c1ccc(N=Nc2ccc([N+](=O)[O-])cc2)cc1,-13.3979
O=C(Cl)CCCC(=O)Cl,-0.9318
CCCCCCCCCC1CCCCC1,-2.6055
CCCCCCCCCCCCCCCCCCS,-6.3979
C=C(C)c1ccc(C(C)(C)N=C=O)cc1,-2.3307
O=C=Nc1cccc(Cl)c1,-0.7122
CCCCCCCCCCCCCCCCS,-4.9855
CCOP(=S)(OCC)Oc1nc(Cl)c(Cl)cc1Cl,-4.6936
C=CCOC(=O)Cl,1.301
CCCCCC[C@H](C)S,-0.1475
O=Cc1ccc(O)c([N+](=O)[O-])c1,-3.0491
C=CC1CC2C=CC1C2,0.9917
CON(C)C(=O)Nc1ccc(Br)cc1,-5.5229
CC1CCCC(C)(C)C1,1.0339
Clc1ccc(Cl)s1,0.9337
O=C=NC1CCCCC1,0.0086
O=C=Nc1cccc2c(N=C=O)cccc12,-4.4711
CC(C)(C)C1CCCCC1,0.3676
CCCCc1ccccc1O,-1.9880000000000002
BrC1CCC(Br)C(Br)CCC(Br)C(Br)CCC1Br,-6.3279
CCCCCCC(C)C,0.7934
CCOc1ccc2c(c1)SC(=C1Sc3cc(OCC)ccc3C1=O)C2=O,-6.699
Clc1c(Cl)c(Cl)c2c(c1Cl)Oc1c(Cl)c(Cl)c(Cl)c(Cl)c1O2,-12.0835
COc1ccc2c(c1)C(=O)c1ccccc1C2=O,-10.1646
N#Cc1sc2c(=O)c3ccccc3c(=O)c=2sc1C#N,-10.6925
CCCCC(C)Br,0.8596
CCCCCCCCCCCCCCCCCCCl,-4.768
CC(=O)C(C)CO,-0.6463
C=CC(C)CCC,1.916
CCC=C(C)CC,1.9148
C=C(C)C(C)CC,1.9088
C=CC(C)(C)CC,2.0173
CC(C)=CCC(C)C,1.3981
ClC(Cl)=C(c1ccc(Cl)cc1)c1ccccc1Cl,-5.2074
Ic1cccs1,0.9058
C=CCCCCCCCCCCCCCCCCCC,-4.9751
C#CCCCCCCC,0.7966
CC(CCO)CC(C)(C)C,-0.5229
C=Cc1ccc(CC)cc1,-0.0246
CCCCCCCCCCCCCCCCCBr,-4.7373
CC(C)CCC(C)(C)C,1.2191
CCCCCCCCSCCO,-3.2269
CCC(C)c1ccc(O)c([N+](=O)[O-])c1,-2.3391
C[Si](C)(C)O[Si](O[Si](C)(C)C)(O[Si](C)(C)C)O[Si](C)(C)C,-1.1726
C=CC[Si](Cl)(Cl)CC=C,0.445
CCCCC(CC)CO[PH](=O)OCC(CC)CCCC,-4.2366
CCOP(=S)(OCC)OP(=S)(OCC)OCC,-3.9788
O=C1c2ccccc2C(=O)C1C(=O)C(c1ccccc1)c1ccc(Cl)cc1,-9.1249
CCN(O)CC,0.5263
CC1CCC(C)C(C)C1C,0.1173
CCC1CCC(C)C1,0.7988
Clc1cc(Cl)nc(-c2ccccc2)n1,-4.0458
C=C(C)CC(C)=O,1.1784
CCC(C)c1ccccc1OC(=O)NC,-3.8462
C=CC[C@@H](C)CC,1.8665
O=C(O)Cn1c(=O)sc2cccc(Cl)c21,-9.1249
CC(C)C1CCCC1,1.209
CCCSC,1.706
CCOC(=O)C(C)(C)C,1.2504
C=CC(=O)OCC(CC)CC,0.2304
C=CC(CC)CC,1.911
NCCCCCCO,-2.6198
CC(C)(C)NCCNC(C)(C)C,-0.5751
CCCCCCCCC(Br)CBr,-2.4289
CCCSCC,1.2749
O=C(OC(=O)C(Cl)(Cl)Cl)C(Cl)(Cl)Cl,-0.9076
CCSc1nc(NC(C)C)nc(NC(C)C)n1,-5.7959
CCNS(=O)(=O)C(F)(F)C(F)(F)C(F)(F)C(F)(F)C(F)(F)C(F)(F)C(F)(F)C(F)(F)F,-6.3686
CN(C)[N+](=O)[O-],-0.4425
Cc1cc2ccccc2o1,-0.3125
CCCCCCCCCCCCCCCCCCCCBr,-6.0832
CCCCCCCI,-0.3507
CCCCCCCCCI,-1.5639
CCCCCCCCCCCI,-2.3538
CCCCCCCCCCCCI,-1.8529
CCCCCCC1CCCCC1,-0.9431
CCCCCC1CCCCC1,-0.4295
Clc1ccc(/N=N/c2ccccc2)cc1,-5.699
CCCCCCCCCCCCCCCCCCCBr,-5.6517
CC(O)C(O)CO,-2.4734
OCCC1CCCCC1,-0.7799
COC1CCC=CO1,1.0374
O=C1c2ccccc2C(=O)c2c(NCCO)cccc21,-11.0
CC1CCC(C)(C)C1,1.0461
CC(C#N)CCC#N,-2.2924
CCCN(CCC)c1c([N+](=O)[O-])cc(S(C)(=O)=O)cc1[N+](=O)[O-],-8.0315
CCOC(=O)C(=O)Cl,0.8816
CCCCCCCCCCCCCCCCCl,-4.2076
Cc1cccc(O)c1[N+](=O)[O-],-1.4295
C=CCCCC(C)C,1.4015
ClC1=C(Cl)C2(Cl)C3C(Cl)C(Cl)C(Cl)C3C1(Cl)C2(Cl)Cl,-6.0229
Cn1cnc2ncnc-2c1N,-11.7959
Cn1cnc(N)c2ncnc1-2,-8.9208
CCCCc1c(C)nc(N(C)C)nc1O,-4.9586
CC1=C(C(=O)Nc2ccccc2)SCCO1,-6.8239
CC1=C(C(=O)Nc2ccccc2)S(=O)(=O)CCO1,-7.3768
Oc1ccc2ccc3cccc4ccc1c2c34,-8.3161
CCC(=O)c1ccc(C)cc1,-1.0283
CC(Br)C(C)Br,0.5796
CC(C)OB(OC(C)C)OC(C)C,0.8748
CC(CC=O)CC(C)(C)C,-1.0969
Brc1ccc(Oc2ccc(Br)cc2Br)c(Br)c1,-7.1549
CCCCCCCC(=O)OC(C)C,-0.9626
Cc1cc(Cl)cc2c1SC(=C1Sc3c(C)cc(Cl)cc3C1=O)C2=O,-9.5229
COP(=S)(OC)Oc1nc(Cl)c(Cl)cc1Cl,-4.3768
CCCCCCCC1CCCCC1,-1.3979
CC(C)OC(=O)C(O)(c1ccc(Cl)cc1)c1ccc(Cl)cc1,-6.7447
O=c1oc2ccccc2c(O)c1C1CCCc2ccccc21,-10.1952
Cc1[nH]c(=O)n(C(C)(C)C)c(=O)c1Cl,-6.3279
CCNc1nc(Cl)nc(NC(C)(C)C)n1,-5.9508
CCCCCCCCCCCCCC1CCCCC1,-5.0384
CCCCCCCCCCCCCCCC1CCCCC1,-6.461
CCCC(C)O,0.7859999999999999
CCCCC(O)C(=O)O,-5.5025
C=C(C)CCCC,1.7848
CC(C)c1cccc2ccccc12,-2.2175
CC(C)(C)OC(C)(C)C,1.5131
Cc1cc(Cl)ccc1N=CN(C)C,-3.0348
CCCCCCCCCCC(C)=O,-1.6861
Nc1ccc(Nc2ccc([N+](=O)[O-])cc2[N+](=O)[O-])cc1,-10.2218
O=C(O)COc1ccc(Cl)cc1CO,-6.1759
O=P(O)(O)CN(CP(=O)(O)O)CP(=O)(O)O,-11.1637
CC(CO[N+](=O)[O-])O[N+](=O)[O-],-0.4225
Clc1cccc(Oc2ccccc2)c1,-2.4248
C=C(C)[C@@H]1CC=C(C)C(=O)C1,-0.9876
CCCCCCCCCCCc1ccccc1,-3.6155
C=CCCCCCCCCCCCCCCC,-3.3429
CCC(C)OC,2.3183
Clc1ccc(Oc2cccc(Cl)c2)cc1,-3.1851
CCC(C)OC(C)CC,1.2109
Clc1ccc(Oc2ccccc2Cl)cc1,-3.1549
O=C(O)CC(O)C(=O)O,-7.4841
CNC(=O)/C=C(\C)OP(=O)(OC)OC,-5.6615
CCCCCCCCC(C)C,-0.2204
CNC(=O)Oc1ccccc1C1OCCO1,-6.5229
Clc1ccc(Oc2ccccc2)cc1,-2.5686
Clc1ccc(-c2ccc(Cl)cc2Cl)cc1,-3.71
CCC(C)C1CCCCC1,0.3701
Cc1cc(Cl)ccc1O[C@H](C)C(=O)O,-5.57775
C[Se][Se]C,0.4548
CCCCCCCCCCCCCCC(=O)OC,-3.7883
CCCC(C)=C(C)C,1.2633
Cc1cc(O)c([N+](=O)[O-])cc1Cl,-3.0691
CCC(C)(C)C(C)(C)C,0.9756
CSc1nc(NC(C)C)nc(NC(C)C)n1,-5.9066
CCCOP(=O)(OCCC)Oc1ccc(SC)cc1,-6.0458
CC(C)(C#N)C#N,0.1602
N#CCN(CC#N)CC#N,-6.4989
O=C[C@@H]1C[C@@H]2[C@@H]3[C@H]1[C@@]1(Cl)C(Cl)(Cl)[C@]3(Cl)[C@@]3(Cl)[C@@H]2[C@@]13Cl,-6.699
C=Cc1cccc(CC)c1,-0.0947
CC(Cl)C(C)Cl,1.3874
CC(C)=CC1C(C(=O)OCN2C(=O)C3=C(CCCC3)C2=O)C1(C)C,-5.15
COP(=O)(OC)O/C(C)=C/C(=O)OC(C)c1ccccc1,-4.8539
COC(O)C=C(C)O[PH](O)(OC)OC,-3.8928
CCC(Cl)(Cl)Cl,1.4994
Cc1cc(=O)[nH]o1,-2.8633
N#CC(Br)(Br)C(N)=O,-3.0458
CCCCCCCCCCCC(=O)OC(C)C,-2.5719
COP(N)(=O)SC,-4.4522
CCOP(=S)(OCC)SC(CCl)N1C(=O)c2ccccc2C1=O,-7.2076
ClCC(Cl)=C(Cl)Cl,0.4281
CCOC(=O)CCCOc1ccc(Cl)cc1C,-5.8447
CCC(C)=C(C)C,1.7009
COC(=O)Nc1nc2ccccc2[nH]1,-9.1249
COc1ccc(C(O)(c2cncnc2)C2CC2)cc1,-6.699
Clc1ccccc1-c1ccccc1Cl,-2.5607
CCOP(=S)(OCC)SCSC(C)(C)C,-3.4949
ClCC(Cl)(Cl)CCl,0.4837
CCCSP(=O)(OCC)SCCC,-3.4202
CON(C)C(=O)Nc1ccc(Br)c(Cl)c1,-6.4012
C=CCCCCCCCCCCCCC,-2.3429
CCCC(C)(C)C(C)(C)C,0.5894
CCOP(=S)(OCC)Oc1cnc2ccccc2n1,-5.585
Brc1c(Br)c(Br)c(-c2c(Br)c(Br)c(Br)c(Br)c2Br)c(Br)c1Br,-9.4007
CCOC(=O)Nc1cccc(OC(=O)Nc2ccccc2)c1,-8.5229
COC(=O)Nc1cccc(OC(=O)Nc2cccc(C)c2)c1,-11.0
CCC(C)N,2.2497
CCOP(=S)(OCC)O/N=C(\C#N)c1ccccc1,-4.8013
CC(=O)C=CC1=C(C)CCCC1(C)C,-1.2676
C=CCOC(=O)OCC=C,-0.9914
ClC(Cl)C(Cl)C(Cl)Cl,-0.0278
CCN(CC)C(=O)C(C)Oc1cccc2ccccc12,-6.7645
Cc1ccc(NC(=O)N(C)C)cc1Cl,-7.4437
Clc1cc(Cl)c(-c2ccccc2)cc1Cl,-3.011
C=C(C)CCCCC,1.3045
CC(C)C=CC(C)C,1.6379
CC(=O)O[C@@H]1C[C@H](C)CC[C@H]1C(C)C,-0.983
C1=CCC2CC2C1,1.3598
Clc1ccc(-c2cc(Cl)ccc2Cl)cc1,-3.3979
CN(C)O,1.3258
O=P(O)(O)CCCl,-7.0088
CCCC(C)C(C)(C)C,1.0578
CCC(C)CC(C)(C)C,1.2014
CCCC(C)(C)C(C)C,0.9926
CCC(C)(C)CC(C)C,1.1259
CCC(C)C(C)(C)CC,0.948
CCC(CC)C(C)(C)C,1.0538
CC(C)C(C)(C)C(C)C,0.9462
CC(C)C(C)CC(C)(C)C,0.7795
CNC(=O)ON=C(C)SC,-5.2676
CCOP(=O)(Sc1ccccc1)Sc1ccccc1,-6.5686
CCC(C)OC(=O)Cl,1.0253
CN(C)C(CSS(=O)(=O)c1ccccc1)CSS(=O)(=O)c1ccccc1,-5.8013
CCC(C#N)CC#N,-1.7212
CC=C(C)CCC,1.7031
CCCCNC(=O)n1c(NC(=O)OC)nc2ccccc21,-8.4318
C[Si](C)(C)O[Si](C)(O[Si](C)(C)C)O[Si](C)(C)C,-1.3956
COP(=S)(OC)Oc1cc(Cl)c(I)cc1Cl,-6.0835
CC(C)OC(=O)C(O)(c1ccc(Br)cc1)c1ccc(Br)cc1,-7.0862
CCCCCCCCCCCCCCCCCCCC(=O)OCC,-7.7165
C=CCCCCCCCCCCCCCCCCC,-4.419
CNC(=O)N(C)c1nc2ccccc2s1,-6.9469
CC(C)(C)c1ccc2cc3ccccc3cc2c1,-6.1898
CCCCCCCCCCCCCCI,-3.8492
CCCC(Br)CBr,0.1535
Clc1cc2c(c(Cl)c1Cl)Oc1c(cc(Cl)c(Cl)c1Cl)O2,-10.3116
CCCCCCCCCCCCCS,-3.1593
CC(C)Oc1cc(-n2nc(C(C)(C)C)oc2=O)c(Cl)cc1Cl,-6.9508
COc1ccc(NC(=O)N(C)C)cc1Cl,-4.4908
Clc1c(Cl)c(Cl)c2ccccc2c1Cl,-5.5376
COCC(C)OCC(C)OCC(C)O,-1.699
Cn1c(=O)on(-c2ccc(Cl)c(Cl)c2)c1=O,-6.0
CCCCCCO[N+](=O)[O-],0.1987
CSc1nnc(C(C)(C)C)c(=O)n1N,-6.3615
CCOP(=O)(N=C1SCS1)OCC,-5.1904
COP(=S)(Oc1cc(Cl)c(Br)cc1Cl)c1ccccc1,-7.6383
CCNc1nc(Cl)nc(NC(C)(C)C#N)n1,-6.8601
CC(C)CCO[N+](=O)[O-],0.7101
CCOP(=O)(NC(C)C)Oc1ccc(SC)c(C)c1,-6.0
CCc1cccc(C(C)=O)c1,0.3572
CNC(=O)Oc1cccc2c1OC(C)(C)O2,-4.4622
CCNc1nc(NC(C)C(C)C)nc(SC)n1,-5.8539
CC(C)Nc1nc(Cl)nc(NC2CC2)n1,-6.5229
Cc1nc(N(C)C)nc(OC(=O)N(C)C)c1C,-5.1379
CNC(=O)ON=C(SC)C(=O)N(C)C,-3.6383
CCCCOCN(C(=O)CCl)c1c(CC)cccc1CC,-5.5376
CC(C)COCC(C)O,0.1139
CCOP(=S)(OCC)Oc1cc(C)nc(N(CC)CC)n1,-3.5376
COP(=O)(OC)OC1=C(Cl)C2C=CCC12,-2.8928
COC(=O)NC(=S)Nc1ccccc1NC(=S)NC(=O)OC,-7.1469
CCCCc1c(C)nc(NCC)nc1O,-5.699
C#CC(C)(C)NC(=O)c1cc(Cl)cc(Cl)c1,-6.3615
CCOP(=S)(OCC)Oc1ncn(-c2ccccc2)n1,-5.5376
CCCOP(=S)(OCCC)SCC(=O)N1CCCCC1C,-6.6198
CCCCC(CC)COC(=O)Cl,-0.7747
CCCOC(=O)NCCCN(C)C,-1.2612
Cc1occc1C(=O)Nc1ccccc1,-6.8239
CC=C(C)C(C)C,1.8298
Clc1cc(Cl)cc(Oc2ccccc2)c1,-3.0
Clc1ccc(Cl)c(Oc2ccccc2)c1,-3.0
Clc1ccc(Oc2cc(Cl)cc(Cl)c2)cc1,-3.7645
CC(C)N1C(=O)c2ccccc2NS1(=O)=O,-5.4622
CCOC(=O)Cn1c(=O)sc2cccc(Cl)c21,-5.556
CCOP(=S)(NC(C)C)Oc1ccccc1C(=O)OC(C)C,-5.5229
CCSC(=O)COc1ccc(Cl)cc1C,-3.8013
CC(C)c1ccccc1-c1ccccc1,-3.301
CC(C)=CC1C(C(=O)OCc2cccc(Oc3ccccc3)c2)C1(C)C,-6.8447
CC(C)OP(=O)(OC(C)C)SCc1ccccc1,-4.3925
FC(F)OC(C(F)(F)F)C(F)(F)F,2.5877
CCOC1Oc2ccc(OS(C)(=O)=O)cc2C1(C)C,-5.3098
CCNc1nc(NC(C)CC)nc(OC)n1,-5.1367
CCCN(CC1CC1)c1c([N+](=O)[O-])cc(C(F)(F)F)cc1[N+](=O)[O-],-4.2007
CC1=CC=CC1,2.0934
CCCCCCCCn1sccc1=O,-4.4342
O=CNC(N1CCN(C(NC=O)C(Cl)(Cl)Cl)CC1)C(Cl)(Cl)Cl,-6.699
CC(C)CCCCCCCOC(=O)c1ccccc1C(=O)OCCCCCCCC(C)C,-6.2777
CC(C)C(Cl)Cl,1.6021
CNc1cnn(-c2cccc(C(F)(F)F)c2)c(=O)c1Cl,-7.5391
O=C1OCc2c(Cl)c(Cl)c(Cl)c(Cl)c21,-7.6478
CCCCCCCC/C=C\CCCCCCCCCCCCC,-4.4522
CC(C)CCCCCOC(=O)c1ccccc1C(=O)OCCCCCC(C)C,-5.2596
CCN(CC)C(=O)SCc1ccc(Cl)cc1,-4.6576
Clc1cccc(Cl)c1Oc1ccccc1,-2.8861
FCOC(C(F)(F)F)C(F)(F)F,2.2856
CC(C)CCCCCOC(=O)C(C)Oc1ccc(Cl)cc1Cl,-5.4711
CCN(CC)c1c([N+](=O)[O-])cc(C(F)(F)F)c(N)c1[N+](=O)[O-],-5.4437
CCCN(CCC)c1c([N+](=O)[O-])cc(C(F)(F)F)c(N)c1[N+](=O)[O-],-7.6055
CCO/N=C(\OC(=O)c1ccccc1)c1c(OC)ccc(Cl)c1OC,-5.4711
CCN(CC)c1nc(C)cc(OP(=S)(OC)OC)n1,-4.8239
Clc1cc2c(cc1Cl)Oc1ccccc1O2,-5.5339
CCSCc1ccccc1OC(=O)NC,-5.1518
COP(=O)(NC(C)=O)SC,-5.7696
Clc1c(Cl)c(Cl)c2c(c1Cl)Oc1ccccc1O2,-7.3188
CCNP(=S)(OC)O/C(C)=C/C(=O)OC(C)C,-4.8447
Clc1ccc(-c2cc(Cl)c(Cl)cc2Cl)cc1Cl,-5.047
CCC=CBr,1.8854
CC(=O)OC1CCC(C(C)(C)C)CC1,-2.1249
Clc1ccc(-c2ccc(Cl)c(Cl)c2)c(Cl)c1,-4.335
Clc1ccc(Cl)c(-c2ccc(Cl)c(Cl)c2)c1,-4.3893
Clc1ccc(-c2ccc(Cl)c(Cl)c2)cc1Cl,-4.7849
Clc1ccc(-c2ccc(Cl)c(Cl)c2Cl)cc1Cl,-5.185
FC(F)COC(F)F,2.356
CC12CC1(C)C(=O)N(c1cc(Cl)cc(Cl)c1)C2=O,-3.8539
COc1cc(Oc2ccc(Cl)cc2Cl)ccc1[N+](=O)[O-],-4.8539
Cc1ccc(/N=C/N(C)/C=N/c2ccc(C)cc2C)c(C)c1,-5.699
CCCN(CCCl)c1c([N+](=O)[O-])cc(C(F)(F)F)cc1[N+](=O)[O-],-4.5229
Clc1ccc(-c2ccccc2)c(Cl)c1,-2.8601
Clc1cc(-c2ccccc2)c(Cl)c(Cl)c1Cl,-4.426
CCC(C)Nc1c([N+](=O)[O-])cc(C(C)(C)C)cc1[N+](=O)[O-],-4.8962
CCNc1nc(NC(C)(C)C)nc(OC)n1,-5.699
CCCN(CCC)c1c([N+](=O)[O-])cc(C(C)C)cc1[N+](=O)[O-],-4.5229
Clc1ccc2c(c1)Oc1cc(Cl)c(Cl)cc1O2,-7.0458
C/C=C/C=C/CCCCCCCO,-3.2857
Clc1cc(Cl)c(-c2c(Cl)cc(Cl)cc2Cl)c(Cl)c1,-4.9208
CNC(=O)N(C)c1nnc(C(C)(C)C)s1,-5.699
CC(C)c1ccc(NC(=O)N(C)C)cc1,-7.6073
C=CCSSSC,-1.301
CCN(CC)C(=O)SCc1ccccc1Cl,-4.0315
CNC(=O)ON=C(C)C(C)SC,-4.0996
CNC(=O)O/N=C(\C)C(C)S(C)(=O)=O,-5.699
Clc1ccc(Cl)c(-c2ccccc2)c1,-2.8601
Clc1ccc(-c2ccccc2Cl)cc1,-2.6792
Clc1cc(Cl)c(-c2cc(Cl)c(Cl)cc2Cl)cc1Cl,-5.4647
Clc1cc(Cl)c(-c2ccc(Cl)c(Cl)c2Cl)cc1Cl,-5.4208
Clc1cc(Cl)c(-c2cc(Cl)c(Cl)c(Cl)c2Cl)cc1Cl,-6.0101
Clc1ccc(-c2cc(Cl)c(Cl)c(Cl)c2Cl)c(Cl)c1Cl,-6.202000000000001
CC(C)N(Cc1ccccc1)C(=O)C(C)(C)C,-3.1752
O=C(NC(=O)c1c(F)cccc1F)Nc1ccc(Cl)cc1,-9.0458
CCCSP(=S)(OCC)Oc1ccc(SC)cc1,-5.9208
C=CCOC(Cn1ccnc1)c1ccc(Cl)cc1Cl,-5.9245
COP(=O)(OC)SCn1c(=O)oc2cc(Cl)cnc21,-7.4353
Clc1cc(Cl)c(-c2ccccc2)c(Cl)c1,-3.1451
Clc1cc2c(c(Cl)c1Cl)Oc1c(Cl)c(Cl)c(Cl)c(Cl)c1O2,-10.18835
Clc1cccc2c1Oc1c(Cl)c(Cl)c(Cl)c(Cl)c1O2,-9.2518
CCOP(=S)(NC(C)CC)Oc1cc(C)ccc1[N+](=O)[O-],-3.2007
CCCCCCCCCCCCCCCCO,-5.2218
CC(C)NC(=O)N1CC(=O)N(c2cc(Cl)cc(Cl)c2)C1=O,-8.426
FCOC(F)(F)C(F)F,2.3729
Clc1ccc(Cl)c(-c2ccccc2Cl)c1,-2.9788
Clc1ccc(Cl)c(-c2cc(Cl)c(Cl)cc2Cl)c1,-4.5986
C=CCN(CC=C)C(=O)C(Cl)Cl,-2.2218
FC(F)(F)/N=C1\S/C(=N\c2ccccc2)N(c2ccccc2)\C1=N\C(F)(F)F,-5.0
Cc1cc(S(=O)(=O)c2ccccc2)ccc1NS(=O)(=O)C(F)(F)F,-5.0458
CCOc1cc(OP(=S)(OC)OC)nc(CC)n1,-4.0969
Clc1ccc(-c2cc(Cl)c(Cl)cc2Cl)c(Cl)c1,-4.6576
Clc1ccc(Cl)c(-c2ccc(Cl)c(Cl)c2Cl)c1,-4.7696
Clc1cc(Cl)c(-c2c(Cl)ccc(Cl)c2Cl)cc1Cl,-5.0742
Clc1ccc(-c2ccc(Cl)c(Cl)c2Cl)c(Cl)c1Cl,-5.5918
Clc1ccc(-c2cc(Cl)c(Cl)c(Cl)c2Cl)cc1Cl,-5.7932
Clc1ccc(-c2ccccc2Cl)cc1Cl,-3.9872
Clc1cccc(-c2cccc(Cl)c2Cl)c1Cl,-4.1337
Clc1ccc2c(c1)Oc1cc(Cl)ccc1O2,-5.9788
Clc1c(Cl)c(Cl)c2c(oc3c(Cl)c(Cl)c(Cl)c(Cl)c32)c1Cl,-11.425999999999998
Brc1ccc2c(c1)Oc1ccc(Br)cc1O2,-5.9469
CNC(=O)ON=C(CSC)C(C)(C)C,-3.7696
Clc1cc2c(cc1Cl)Oc1c(Cl)c(Cl)c(Cl)c(Cl)c1O2,-10.4168
Clc1cccc2c1Oc1ccccc1O2,-4.0458
Clc1ccc2c(c1)Oc1ccccc1O2,-4.8928
Clc1cc(Cl)c2c(c1Cl)Oc1ccccc1O2,-6.1249
Clc1ccc2c(c1)Oc1c(Cl)c(Cl)c(Cl)c(Cl)c1O2,-9.1805
Clc1cc(Cl)c2c(c1Cl)Oc1c(Cl)cc(Cl)c(Cl)c1O2,-10.2924
CC1(C)C(C(=O)OC(C#N)c2cccc(Oc3ccccc3)c2)C1(C)C,-5.2612
C#CCOc1cc(-n2nc(C(C)(C)C)oc2=O)c(Cl)cc1Cl,-7.7258
Brc1cccc(Oc2ccc(Br)c(Br)c2Br)c1,-5.6576
Clc1cc2c(cc1Cl)Oc1c(cc(Cl)c(Cl)c1Cl)O2,-9.3615
CCC(CC)Nc1c([N+](=O)[O-])cc(C)c(C)c1[N+](=O)[O-],-4.5229
COC(C)(C)CCCC(C)C/C=C/C(C)=C/C(=O)OC(C)C,-4.6271
CCCSP(=O)(OCC)Oc1ccc(Br)cc1Cl,-6.0457
CCOC(=O)/C=C(C)/C=C/CC(C)CCCC(C)C,-3.6126
Brc1ccc(Oc2ccc(Br)cc2Br)cc1,-6.1739
Cc1nnc(-c2ccccc2)c(=O)n1N,-8.1904
Clc1ccc(-c2cc(Cl)ccc2Cl)c(Cl)c1,-5.0716
Clc1ccc(Cl)c(-c2c(Cl)cccc2Cl)c1,-4.6478
CCCCc1c(C)nc(NCC)nc1OS(=O)(=O)N(C)C,-6.1249
Cc1cccc2sc3nncn3c12,-6.699
CCC=CC(C)C,1.8814
CCCCCCCCCCCCCCCCCCCCCl,-5.6198
CCOP(=S)(OCC)Oc1nc(Cl)n(C(C)C)n1,-4.0605
COC(=O)c1cc(Oc2ccc(Cl)cc2Cl)ccc1[N+](=O)[O-],-7.0
C#CCOC(=O)/C=C(C)/C=C/CC(C)CCCC(C)C,-5.1433
Cc1ccc(NC(O)=NC(C)(C)c2ccccc2)cc1,-8.4698
CCOc1cc(Oc2ccc(C(F)(F)F)cc2Cl)ccc1[N+](=O)[O-],-6.699
CC(C)(C)C(=O)C(Oc1ccc(Cl)cc1)n1cncn1,-7.8239
Clc1cc2ccccc2c(Cl)c1Cl,-4.699
C=CC1(C)OC(=O)N(c2cc(Cl)cc(Cl)c2)C1=O,-6.9208
CC(C)OC(=O)C(C(=O)OC(C)C)=C1SCCS1,-1.8447
COCCN(C(=O)CCl)c1c(C)cccc1C,-4.9469
Brc1cc2c(cc1Br)Oc1ccccc1O2,-5.9208
Clc1cc2c(cc1Cl)Oc1cc(Br)c(Br)cc1O2,-8.3325
Brc1cc2c(cc1Br)Oc1cc(Br)c(Br)cc1O2,-8.3188
Fc1cc2c(cc1F)Oc1cc(Cl)c(Cl)cc1O2,-7.7620000000000005
Fc1cc2c(cc1F)Oc1cc(Br)c(Br)cc1O2,-7.7447
Clc1cc(Cl)c2c(c1)Oc1cc(Cl)c(Cl)cc1O2,-8.2007
COC(=O)c1cc(Oc2ccc(C(F)(F)F)cc2Cl)ccc1[N+](=O)[O-],-7.1249
CCCCCCCCC(=O)OCCCC,-1.669
CCOP(C)(=O)SCCN(C(C)C)C(C)C,-3.1549
CCc1cccc(C)c1N(C(=O)CCl)C(C)COC,-4.5038
CCCOCCN(C(=O)CCl)c1c(CC)cccc1CC,-6.0013
CN(C)c1nc(=O)n(C2CCCCC2)c(=O)n1C,-6.6478
CCCCNC1(P(=O)(OCCCC)OCCCC)CCCCC1,-3.1249
COC(=O)C(C)Oc1ccc(Oc2ccc(Cl)cc2Cl)cc1,-5.4559
CC(C)C(C(=O)OC(C#N)c1cccc(Oc2ccccc2)c1)c1ccc(Cl)cc1,-8.8239
O=C(Nc1ccccc1)Nc1cnns1,-10.6383
Clc1ccc(Oc2ccccc2)c(Cl)c1,-3.0362
CCc1ccc2cc3ccccc3cc2c1,-5.2807
CC(Oc1ccc2ccccc2c1)C(O)=Nc1ccccc1,-10.6778
CC1(C)C(C=C(Cl)Cl)C1C(=O)OCc1cccc(Oc2ccccc2)c1,-7.6615
Clc1ccc(Cl)c(-c2c(Cl)c(Cl)cc(Cl)c2Cl)c1,-5.6402
Clc1ccc(-c2c(Cl)cc(Cl)c(Cl)c2Cl)c(Cl)c1Cl,-5.8539
Clc1cccc(-c2c(Cl)c(Cl)cc(Cl)c2Cl)c1Cl,-5.9606
CCCN(CCC)C(=O)SCc1ccccc1,-6.2857
CC1(C)[C@@H](C=C(Br)Br)[C@H]1C(=O)O[C@H](C#N)c1cccc(Oc2ccccc2)c1,-7.8239
Cc1cc(C)nc(Nc2ccccc2)n1,-4.7825
Clc1cc2c(Cl)cccc2c(Cl)c1Cl,-4.9626
Clc1cc(Cl)c2cc(Cl)c(Cl)c(Cl)c2c1,-5.6778
C#CC(OC(=O)C1C(C=C(C)C)C1(C)C)/C(C)=C/CC,-3.9788
CCOP(=S)(OCC)OC(Cl)C(Cl)(Cl)Cl,-3.0996
CC(C)(C)C(O)C(Oc1ccc(Cl)cc1)n1cncn1,-9.5086
C=C(C)CN(CC)c1c([N+](=O)[O-])cc(C(F)(F)F)cc1[N+](=O)[O-],-4.0565
CCCCN(CCCC)SN(C)C(=O)Oc1cccc2c1OC(C)(C)C2,-6.5129
CC1=C(C)S(=O)(=O)CCS1(=O)=O,-6.4168
Clc1ccccc1-c1cc(Cl)c(Cl)c(Cl)c1Cl,-4.1565
O=C(O)COc1nc(Cl)c(Cl)cc1Cl,-5.8996
CCCCCCCCCCOC(=O)Cl,-1.5901
CCCCCCCCSC(=O)Oc1cc(Cl)nnc1-c1ccccc1,-9.011000000000001
Clc1ccc(Oc2ccccc2)cc1Cl,-3.1851
Cc1ccccc1C(=O)Nc1cccc(OC(C)C)c1,-6.3768
CN(C)C(=O)Nc1cc(C(C)(C)C)on1,-6.4168
CC(C)C(O)(c1ccc(OC(F)(F)F)cc1)c1cncnc1,-6.4389
COP(=S)(OC)Oc1c(Cl)cc(C)cc1Cl,-3.3665
FC(F)OC(F)C(F)(F)F,2.8222
CSc1nnc(C(C)(C)C)c(=O)n1/N=C/C(C)C,-6.4559
COc1c(O)cc(Cl)c(Cl)c1Cl,-3.0458
Clc1cc2oc3c(Cl)c(Cl)c(Cl)cc3c2cc1Cl,-8.58
Clc1cc(Cl)c2oc3cc(Cl)c(Cl)cc3c2c1,-7.71
Clc1cc(Cl)c2oc3c(Cl)c(Cl)ccc3c2c1,-7.4815
Clc1cc2oc3c(Cl)c(Cl)ccc3c2cc1Cl,-7.6778
Clc1cc2oc3cc(Cl)c(Cl)c(Cl)c3c2cc1Cl,-8.762
Clc1cc2oc3c(Cl)c(Cl)ccc3c2c(Cl)c1Cl,-8.6478
O=C1CCc2cccc3c2N1CC3,-5.9208
COC(=O)C(C)N(C(=O)c1ccco1)c1c(C)cccc1C,-6.2798
Clc1cc2c(c(Cl)c1Cl)Oc1cc(Cl)c(Cl)c(Cl)c1O2,-10.4437
COCC(=O)N(c1c(C)cccc1C)C(C)C(=O)OC,-4.9279
O=C1c2ccccc2C(=O)c2c1ccc([N+](=O)[O-])c2[N+](=O)[O-],-11.1549
CCNC(=O)NC(=O)/C(C#N)=N/OC,-5.9469
COCC(F)(F)C(F)C(F)(F)F,1.7853
Clc1cc2c(cc1Cl)Oc1c(Cl)c(Cl)cc(Cl)c1O2,-9.2328
Clc1cc2oc3c(Cl)cc(Cl)c(Cl)c3c2cc1Cl,-8.8239
Clc1cc2oc3ccc(Cl)c(Cl)c3c2cc1Cl,-7.7447
Cc1cccc(C)c1N(C(=O)CCl)C1CCOC1=O,-6.8239
Clc1cc2c(Cl)c(Cl)c(Cl)c(Cl)c2c(Cl)c1Cl,-7.0706
Clc1ccc(Oc2ccc(Cl)cc2Cl)cc1,-3.8153
CS/C(C)=N/OC(=O)N(C)SN(C)C(=O)O/N=C(\C)SC,-4.1549
Cn1cc(-c2ccccc2)c(=O)c(-c2cccc(C(F)(F)F)c2)c1,-7.011
OC(c1ccc(Cl)cc1)(c1cncnc1)c1ccccc1Cl,-6.6478
CCCC1COC(Cn2cncn2)(c2ccc(Cl)cc2Cl)O1,-6.3768
Brc1ccc(Oc2cc(Br)c(Br)cc2Br)c(Br)c1,-7.5086
O=C1C(Cl)C(CCl)CN1c1cccc(C(F)(F)F)c1,-5.4815
Clc1ccc(Oc2ccccc2Cl)cc1Cl,-3.8539
CC(C)(SC(=O)N1CCCCC1)c1ccccc1,-5.3979
Cc1ccc(N=c2sccn2C)c(C)c1,-4.7447
CCCCCCCCCCCCCCCCCCl,-4.3372
Cc1cc(N)ccc1N=Nc1ccc([N+](=O)[O-])cc1,-9.1468
COC(=O)/C(C)=C/OP(=S)(OC)OC,-2.9208
CN(C)C(=O)SCCCCOc1ccccc1,-5.9031
CCN(Cc1c(F)cccc1Cl)c1c([N+](=O)[O-])cc(C(F)(F)F)cc1[N+](=O)[O-],-6.6198
N#CCON=C(C#N)c1ccccc1,-0.4572
CN(c1c(Br)cc(Br)cc1Br)c1c([N+](=O)[O-])cc([N+](=O)[O-])cc1C(F)(F)F,-7.0132
Clc1ccc(Oc2ccc(Cl)c(Cl)c2)cc1,-3.983
COC(=O)[C@@H](C)N(C(=O)c1ccccc1)c1ccc(F)c(Cl)c1,-5.1249
CC(C)OC(=O)[C@@H](C)N(C(=O)c1ccccc1)c1ccc(F)c(Cl)c1,-6.1952
CCC1OCC(COc2ccc(Oc3ccccc3)cc2)O1,-6.0835
CCSc1nnc(C(C)(C)C)c(=O)n1N,-5.1249
CCCCCCCCCc1ccc(OP(=O)(Oc2ccccc2)Oc2ccccc2)cc1,-7.7212
Clc1cc(Cl)c2c(c1)oc1cc(Cl)cc(Cl)c12,-7.7258
O=C(NC(=O)c1ccccc1Cl)Nc1ccc(OC(F)(F)F)cc1,-9.5229
COc1nc(C)nc(NC(=O)NS(=O)(=O)c2ccccc2Cl)n1,-10.6478
Clc1ccc(Oc2cc(Cl)ccc2Cl)cc1,-3.7645
CCCCOC(=O)N(C)SN(C)C(=O)Oc1cccc2c1OC(C)(C)C2,-7.5331
O=C(Nc1ccccc1)N(Cc1ccc(Cl)cc1)C1CCCC1,-11.425999999999998
Nc1ccc([N+](=O)[O-])c2c1C(=O)c1c(Cl)ccc(Cl)c1C2=O,-12.3979
Nc1nc(N)nc(NC2CC2)n1,-8.4737
CCCC(Cn1cncn1)c1ccc(Cl)cc1Cl,-5.556
CC(C)Oc1cccc(NC(=O)c2ccccc2C(F)(F)F)c1,-7.3116
Clc1cccc(Oc2ccc(Cl)c(Cl)c2)c1,-3.9066
CC1(C)[C@@H](C(Br)C(Br)(Br)Br)[C@H]1C(=O)O[C@H](C#N)c1cccc(Oc2ccccc2)c1,-10.4437
Clc1ccc2c(c1)Oc1cc(Cl)c(Cl)c(Cl)c1O2,-8.1249
CC(Cc1ccc(C(C)(C)C)cc1)CN1CCCCC1,-3.8928
CC(Cc1ccc(C(C)(C)C)cc1)CN1C[C@H](C)O[C@H](C)C1,-4.59105
Clc1cc(Cl)c2oc3c(Cl)c(Cl)c(Cl)cc3c2c1,-8.7258
CC1(C)CNC(=NN=C(/C=C/c2ccc(C(F)(F)F)cc2)/C=C/c2ccc(C(F)(F)F)cc2)NC1,-7.6925
Clc1ccc2oc3c(Cl)c(Cl)c(Cl)c(Cl)c3c2c1,-8.4437
Clc1cc2c(oc3c(Cl)c(Cl)c(Cl)c(Cl)c32)c(Cl)c1Cl,-10.4522
CCCN(CCOc1c(Cl)cc(Cl)cc1Cl)C(=O)n1ccnc1,-5.9469
Clc1ccc2c(Cl)cc(Cl)c(Cl)c2c1,-5.0706
Clc1ccc2c(Cl)c(Cl)c(Cl)c(Cl)c2c1,-5.9586
C#CCOc1cc(-n2nc3n(c2=O)CCCC3)c(Cl)cc1Cl,-11.1249
CC1(C)[C@H](/C=C(\Cl)C(F)(F)F)[C@@H]1C(=O)O[C@H](C#N)c1cccc(Oc2ccccc2)c1,-8.4744
O=C(Nc1ccccc1)Nc1ccnc(Cl)c1,-9.4622
CC1(C)C(C=C(Cl)Cl)C1C(=O)OC(C#N)c1ccc(F)c(Oc2ccccc2)c1,-9.8239
CCCOC/C(=N\c1ccc(Cl)cc1C(F)(F)F)n1ccnc1,-5.8539
Clc1ccc(Oc2ccccc2Cl)c(Cl)c1,-3.7258
CC(C)N1C(=O)N(c2ccccc2)CSC1=NC(C)(C)C,-5.0269
Nc1c(Cl)c(F)nc(OCC(=O)O)c1Cl,-10.5467
COC(=O)C(C)Oc1ccc(Oc2ncc(C(F)(F)F)cc2Cl)cc1,-5.2218
CCCCOC(=O)C(C)Oc1ccc(Oc2ccc(C(F)(F)F)cn2)cc1,-6.4953
FCC(F)(F)OC(F)F,2.5682
CC(C)[C@H](C(=O)OC(C#N)c1cccc(Oc2ccccc2)c1)c1ccc(OC(F)F)cc1,-8.0605
CCOC(=O)[C@@H](C)Oc1ccc(Oc2nc3ccc(Cl)cc3o2)cc1,-7.5229
Cc1nn(C)c(OCC(=O)c2ccccc2)c1C(=O)c1ccc(Cl)cc1Cl,-6.4437
COC(=O)C(C)N(C(=O)Cc1ccccc1)c1c(C)cccc1C,-5.0
Clc1cc(Cl)c2c(c1)oc1c(Cl)cc(Cl)cc12,-7.5686
CCOC(=O)C1(C)OC(=O)N(c2cc(Cl)cc(Cl)c2)C1=O,-7.01775
O=[n+]1[n-]c(-n2ccnc2)nc2ccc(Cl)cc21,-8.6478
CCOC(=O)NCCOc1ccc(Oc2ccccc2)cc1,-8.20445
O=C(OCc1ccccc1)c1sc(Cl)nc1C(F)(F)F,-6.5331
C#CCN1CC(=O)N(COC(=O)[C@@H]2[C@@H](C=C(C)C)C2(C)C)C1=O,-7.8697
CN(C(=O)COc1nc2ccccc2s1)c1ccccc1,-8.3188
CCCC(=NOCC)C1=C(O)CC(CC(C)SCC)CC1=O,-6.7959
Nc1c([N+](=O)[O-])ccc(Oc2ccccc2)c1Cl,-6.9208
Clc1ccccc1-c1nnc(-c2ccccc2Cl)nn1,-9.011000000000001
N#Cc1c[nH]cc1-c1cccc(Cl)c1Cl,-7.0809
N#C/C(=N\OCC1OCCO1)c1ccccc1,-5.4001
CCOC(=O)C(C)Oc1ccc(Oc2cnc3cc(Cl)ccc3n2)cc1,-8.1878
OC(Cn1cncn1)(c1ccc(F)cc1)c1ccccc1F,-10.2733
CC(C)(C)[C@@H](O)[C@@H](Cc1ccc(Cl)cc1)n1cncn1,-8.1249
CCCSP(=O)(OCC)Oc1cnn(-c2ccc(Cl)cc2)c1,-7.9208
CCOC(=O)C(C)OC(=O)c1cc(Oc2ccc(C(F)(F)F)cc2Cl)ccc1[N+](=O)[O-],-7.1549
COCC(=O)N(c1c(C)cccc1C)N1CCOC1=O,-7.6055
C[C@@H]1[C@@H](c2ccc(Cl)cc2)SC(=O)N1C(=O)NC1CCCCC1,-7.5935
COC(=O)c1sccc1S(=O)(=O)NC(=O)Nc1nc(C)nc(OC)n1,-9.8928
Cc1c(F)c(F)c(COC(=O)C2C(/C=C(\Cl)C(F)(F)F)C2(C)C)c(F)c1F,-4.2218
CCCCC(O)(Cn1cncn1)c1ccc(Cl)cc1Cl,-6.8697
CCCCCCC(C)OC(=O)COc1nc(F)c(Cl)c(N)c1Cl,-7.9957
CC1(C)CON(Cc2ccccc2Cl)C1=O,-3.8416
O=C(Nc1ccc(Cl)cc1C(O)c1ccccc1)c1ccncc1,-6.3251
CCC(C)(CC)c1cc(NC(=O)c2c(OC)cccc2OC)on1,-8.384
CCOC(=O)CCN(SN(C)C(=O)Oc1cccc2c1OC(C)(C)C2)C(C)C,-6.699
Cc1c(COC(=O)[C@@H]2[C@H](/C=C(\Cl)C(F)(F)F)C2(C)C)cccc1-c1ccccc1,-6.7447
Cc1ccc(C(=O)COc2c(C(=O)c3ccc(Cl)c(C)c3Cl)c(C)nn2C)cc1,-7.0132
COC(=O)c1ccccc1CS(=O)(=O)NC(=O)Nc1nc(OC)cc(OC)n1,-13.6778
O=C(NC(=O)c1c(F)cccc1F)Nc1cc(Cl)c(F)c(Cl)c1F,-11.2218
CCOC(=O)CCN(Cc1ccccc1)SN(C)C(=O)O/N=C(/C)SC,-7.4559
O=C(Nc1ccc(F)cc1F)c1cccnc1Oc1cccc(C(F)(F)F)c1,-7.4976
CC(C)(C)[C@H](O)/C(=C\c1ccc(Cl)cc1)n1cncn1,-4.28765
CC(C)(C)C(O)/C(=C\c1ccc(Cl)cc1Cl)n1cncn1,-4.4347
Clc1cc2c(oc3c(Cl)cccc32)c(Cl)c1Cl,-7.4001
C[Si](Cn1cncn1)(c1ccc(F)cc1)c1ccc(F)cc1,-6.5331
CCN(C(=O)SCc1ccccc1)C(C)C(C)C,-5.1203
O=C(NC(=O)c1c(F)cccc1F)Nc1cc(Cl)c(OC(F)(F)C(F)F)c(Cl)c1,-6.3536
Clc1ccc(CSC(Cn2cncn2)=Nc2ccc(Cl)cc2Cl)cc1,-9.1952
CCc1cccc(C)c1N(COC(C)C)C(=O)CCl,-4.5229
O=C(NC(=O)c1c(F)cccc1F)Nc1ccc(Cl)c(Oc2ncc(C(F)(F)F)cc2Cl)c1,-12.0458
CCOc1ccc(NC(=O)OC(C)C)cc1OCC,-4.2007
CCOCCOC(=O)C(C)Oc1ccc(Oc2ncc(C(F)(F)F)cc2Cl)cc1,-10.9101
COCC(C)N(C(=O)CCl)c1c(C)csc1C,-3.5607
Cc1ccccc1CO[C@H]1C[C@]2(C(C)C)CC[C@@]1(C)O2,-4.1209
CCON=C(CC)C1=C(O)CC(c2c(C)cc(C)cc2C)CC1=O,-8.556000000000001
CON=C(Cc1cccnc1)c1ccc(Cl)cc1Cl,-4.8928
FC(F)(F)C(=NOCC1OCCO1)c1ccc(Cl)cc1,-3.5452
C/C(=N/Nc1nc(C)cc(C)n1)c1ccccc1C,-7.5114
Clc1cc(Cl)c2c(Cl)c(Cl)cc(Cl)c2c1Cl,-6.4559
Brc1cccc2c1Oc1cccc(Br)c1O2,-5.9469
OCCOc1ccc(N=Nc2ccccc2)cc1,-7.6749
O=C(NC(=O)c1c(F)cccc1F)Nc1ccc(CO/N=C(/c2ccc(Cl)cc2)C2CC2)cc1,-9.3925
CC(C1CC1)C(O)(Cn1cncn1)c1ccc(Cl)cc1,-6.5867
CCOC(=O)C1CC(=O)C(=C(O)C2CC2)C(=O)C1,-4.7905
CCOP(=O)(SC(C)CC)SC(C)CC,-3.0458
CC(COc1ccc(Oc2ccccc2)cc1)Oc1ccccn1,-5.6615
CCOP(=S)(Oc1cnc(C(C)(C)C)nc1)OC(C)C,-4.426
CC(C)(C)c1ccc(CSc2cnn(C(C)(C)C)c(=O)c2Cl)cc1,-5.9281
COc1ccsc1CN(C(=O)CCl)c1c(C)cccc1C,-6.6778
CC1COc2ccccc2N1C(=O)C(Cl)Cl,-5.3536
CCOP(=O)(SC(C)CC)N1CCSC1=O,-5.3768
Cc1ccn2nc(S(=O)(=O)Nc3c(F)cccc3F)nc2n1,-11.556
CS(=O)(=O)c1ccc(C(=O)C2C(=O)CCCC2=O)c(Cl)c1,-7.426
CCCCCC(C)OC(=O)COc1ccc(Cl)c2cccnc12,-7.3979
CC1(C)[C@@H](/C=C\C(=O)OC(C(F)(F)F)C(F)(F)F)[C@H]1C(=O)O[C@H](C#N)c1cccc(Oc2ccccc2)c1,-9.4815
COC(=O)c1ccccc1S(=O)(=O)NC(=O)N(C)c1nc(C)nc(OC)n1,-9.4089
CCCC(=NOCC)C1=C(O)CC(C2CCCSC2)CC1=O,-7.1249
Ic1ccc2c(c1)Oc1ccccc1O2,-4.5017
C=CCCCOC(=O)C(CC)N(Cc1ccco1)C(=O)n1ccnc1,-5.3134
CCOC(=O)c1nc(C(Cl)(Cl)Cl)n(-c2ccc(Cl)cc2Cl)n1,-8.1752
C#CCN1C(=O)COc2cc(F)c(N3C(=O)C4=C(CCCC4)C3=O)cc21,-5.617999999999999
Clc1cc2c(Cl)cc(Cl)c(Cl)c2c(Cl)c1Cl,-6.4559
Clc1cc2c(Cl)c(Cl)c(Cl)c(Cl)c2cc1Cl,-6.4559
Clc1cc2c(Cl)c(Cl)c(Cl)cc2c(Cl)c1Cl,-6.4559
O=C1CC(C(=O)O)CC(=O)C1=C(O)C1CC1,-7.7620000000000005
CCOc1ccc([Si](C)(C)CCCc2ccc(F)c(Oc3ccccc3)c2)cc1,-7.7258
C#CCOC(=O)[C@@H](C)Oc1ccc(Oc2ncc(Cl)cc2F)cc1,-7.6198
Brc1ccc2c(c1)Oc1cc(Br)ccc1O2,-5.8928
Brc1ccc2c(c1)Oc1ccccc1O2,-4.5229
Brc1cccc2c1Oc1ccccc1O2,-4.58
CC(C)(C)C(O)(CCc1ccc(Cl)cc1)Cn1cncn1,-7.8928
CCOc1ccc(C(COCc2cccc(Oc3ccc(Cl)cc3)c2)C(F)(F)F)cc1,-9.011000000000001
CC#Cc1cc(C)nc(Nc2ccccc2)n1,-6.7595
COc1ccc(C(=CC(=O)N2CCOCC2)c2ccc(Cl)cc2)cc1OC,-8.1319
CC(C)=NOCCOC(=O)[C@@H](C)Oc1ccc(Oc2cnc3cc(Cl)ccc3n2)cc1,-11.4815
CON(C)C(=O)Nc1ccc(Oc2ccc3c(c2)OC(C)(OC)CC3(C)C)cc1,-4.7328
Cc1nn(C)c(Oc2ccccc2)c1C=NOCc1ccc(C(=O)OC(C)(C)C)cc1,-7.2495
CC(C)(COCc1cccc(Oc2ccccc2)c1)c1ccc(OC(F)(F)Br)cc1,-8.2336
CCOC(=O)CSc1nc(C(C)(C)C)nn1C(=O)N(C)C,-6.9208
FC(F)C(F)(F)OCC(Cn1cncn1)c1ccc(Cl)cc1Cl,-5.8697
CCc1ccc(C(=O)NN(C(=O)c2cc(C)cc(C)c2)C(C)(C)C)cc1,-7.6478
C[C@H](Oc1ccc(Oc2nc3ccc(Cl)cc3o2)cc1)C(=O)O,-5.8697
N#CC(CCc1ccc(Cl)cc1)(Cn1cncn1)c1ccccc1,-7.426
Clc1ccc(C2(Cn3cncn3)CC(Br)CO2)c(Cl)c1,-7.5229
COC(=O)CSc1cc(/N=c2\sc(=O)n3n2CCCC3)c(F)cc1Cl,-8.4802
COC(=O)c1c(C(F)F)nc(C(F)(F)F)c(C2=NCCS2)c1CC(C)C,-5.6478
CCCN(CC)CC1COC2(CCC(C(C)(C)C)CC2)O1,-3.8928
CC1(C)[C@H](C=C(Cl)Cl)[C@H]1C(=O)OCc1c(F)c(F)cc(F)c1F,-5.5229
NC(=O)c1nc(-c2ccccc2)n(-c2ccc(Cl)c(COCC(F)(F)C(F)(F)F)c2)n1,-6.8239
CC1COC(Cn2cncn2)(c2ccc(Oc3ccc(Cl)cc3)cc2Cl)O1,-9.6021
CC(Oc1ccc(Oc2cnc3cc(Cl)ccc3n2)cc1)C(=O)OCC1CCCO1,-7.2269
N#Cc1nn(-c2c(Cl)cc(C(F)(F)F)cc2Cl)c(N)c1S(=O)C(F)(F)F,-8.556000000000001
COc1cc(OC)nc(NC(=O)NS(=O)(=O)c2c(-c3nnn(C)n3)cnn2C)n1,-10.5229
COc1cc(OC)nc(N=C(O)NS(=O)(=O)N(C)S(C)(=O)=O)n1,-6.7825
CC(C)(C)c1ccc(CCOc2ncnc3ccccc23)cc1,-7.5935
Cc1cc(C2CC2)nc(Nc2ccccc2)n1,-5.4342
CC1(C)OC(c2ccco2)CN1C(=O)C(Cl)Cl,-7.3054
COc1cc(OC)nc(N=C(O)NS(=O)(=O)c2c(Cl)nc3ccccn23)n1,-9.4711
Cc1nn(-c2cc(NS(C)(=O)=O)c(Cl)cc2Cl)c(=O)n1C(F)F,-9.011000000000001
CCS(=O)(=O)c1cccnc1S(=O)(=O)NC(=O)Nc1nc(OC)cc(OC)n1,-7.9469
Fc1ccc(Oc2ccnc3cc(Cl)cc(Cl)c23)cc1,-6.8239
CC1(C)CCC(Cc2ccc(Cl)cc2)C1(O)Cn1cncn1,-7.0348
CC(C)C1CCC(Cc2ccc(Cl)cc2)C1(O)Cn1cncn1,-7.4023
CCN(CC)C(=O)n1cnc(S(=O)(=O)c2c(C)cc(C)cc2C)n1,-10.6498
CCOc1ccccc1OS(=O)(=O)NC(O)=Nc1nc(OC)cc(OC)n1,-6.3054
CCOC(=O)C(Cl)Cc1cc(-n2nc(C)n(C(F)F)c2=O)c(F)cc1Cl,-6.9208
CCC(Nc1ncnc(C)c1Cl)c1ccc(OC(F)F)cc1,-5.617999999999999
N#Cc1c[nH]cc1-c1cccc2c1OC(F)(F)O2,-8.5331
CC1(c2ccc(Oc3ccccc3)cc2)OC(=O)N(Nc2ccccc2)C1=O,-8.3188
CO/C=C(/C(=O)OC)c1ccccc1Oc1cc(Oc2ccccc2C#N)ncn1,-12.0835
CCC1(CC2(c3cccc(Cl)c3)CO2)C(=O)c2ccccc2C1=O,-7.699
CN=C(O)/C(=N/OC)c1ccccc1Oc1ccccc1,-6.8697
CSC(=O)c1cccc2nnsc12,-5.4815
CCOC(=O)C1=NN(c2ccc(Cl)cc2Cl)C(C)(C(=O)OCC)C1,-7.3251
CON=C(C)c1cccc(Oc2nc(OC)cc(OC)n2)c1C(=O)OC,-6.6383
O=c1c2cc(F)ccc2nc(-n2cncn2)n1-c1ccc(Cl)cc1Cl,-10.3188
COc1cc(OC)nc(N=C(O)NS(=O)(=O)Nc2ccccc2C(=O)C2CC2)n1,-6.7825
CCCC(=O)c1c(C)cc(C)c(C2CC(=O)C(C(CC)=NOCC)=C(O)C2)c1C,-8.1249
CS(=O)(=O)c1cc(C(F)(F)F)ccc1C(=O)c1cnoc1C1CC1,-8.1249
CC(C)N(C(=O)COc1nnc(C(F)(F)F)s1)c1ccc(F)cc1,-6.1707
CO/N=C(/C(=O)OC)c1ccccc1COc1ccccc1C,-7.7645
COc1ccc(-c2ccccc2)cc1NNC(=O)OC(C)C,-7.1249
Clc1cc2c(Cl)ccc(Cl)c2c(Cl)c1Cl,-6.0
CCN(Cc1ccc(Cl)nc1)/C(=C/[N+](=O)[O-])NC,-11.0862
CCOc1cc(C(C)(C)C)ccc1C1COC(c2c(F)cccc2F)=N1,-7.7852
Clc1cccc(Oc2ccc(Cl)cc2Cl)c1,-3.7447
Clc1ccc(Oc2cccc(Cl)c2Cl)cc1,-3.9431
Clc1ccc(Oc2c(Cl)cccc2Cl)cc1,-3.6556
CCN(C(=O)n1nnn(-c2ccccc2Cl)c1=O)C1CCCCC1,-9.426
CC(C)C(C(=O)OC(C#N)c1cccc(Oc2ccc(Br)cc2)c1)c1ccc(OC(F)F)cc1,-8.9208
Clc1cc(Cl)c(Cl)c(Oc2ccccc2)c1,-3.6556
Clc1ccc(Cl)c(Oc2ccccc2)c1Cl,-3.5452
CC(C)OC(=O)c1cc(-c2nn(C)c(C(F)(F)F)c2Br)c(F)cc1Cl,-7.1506
Brc1ccc(Oc2ccc(Br)c(Br)c2Br)c(Br)c1,-8.1427
COC(F)(F)C(F)(F)F,3.2122
COC(F)(F)C(F)(F)C(F)(F)F,2.7528
